time,w_g
0,3.20224356041013e-06
0.0125,8.30829034385332e-06
0.025,1.38597625399463e-05
0.0375,1.95393708563171e-05
0.05,2.21202600726623e-05
0.0625,2.24959355057488e-05
0.075,2.23810351181846e-05
0.0875,2.215691633215e-05
0.1,2.24069884680961e-05
0.1125,2.3220295415329e-05
0.125,2.44404446774181e-05
0.1375,2.57602772933228e-05
0.15,2.68857173793101e-05
0.1625,2.76816320549447e-05
0.175,2.80119724032548e-05
0.1875,2.80159506578368e-05
0.2,2.75103545331593e-05
0.2125,2.85074591925203e-05
0.225,3.55462673942333e-05
0.2375,4.47358903814626e-05
0.25,5.18509254129486e-05
0.2625,5.28056890544408e-05
0.275,4.28761629077748e-05
0.2875,2.68611663629715e-05
0.3,1.07836350914924e-05
0.3125,-1.76813892367374e-06
0.325,-9.32745975964407e-06
0.3375,-1.22476847895086e-05
0.35,-1.19629932914903e-05
0.3625,-9.77547181685044e-06
0.375,-6.89081762932207e-06
0.3875,-4.03366842112718e-06
0.4,-1.53593929406515e-06
0.4125,5.36682557356153e-07
0.425,2.25706250353528e-06
0.4375,3.58934800076435e-06
0.45,4.4817454446071e-06
0.4625,4.82967803804663e-06
0.475,4.59455063966525e-06
0.4875,3.83526359337177e-06
0.5,2.7283592699777e-06
0.5125,1.48229938411604e-06
0.525,2.36422528969967e-07
0.5375,-9.53853701734506e-07
0.55,-2.09422801870072e-06
0.5625,-3.21543830204523e-06
0.575,-4.33868605752587e-06
0.5875,-5.47016215401504e-06
0.6,-6.5827693817321e-06
0.6125,-7.6261933059673e-06
0.625,-8.57396943024903e-06
0.6375,-9.38288192959158e-06
0.65,-1.00274330375611e-05
0.6625,-1.04904951643033e-05
0.675,-1.07633722797237e-05
0.6875,-1.0841775733667e-05
0.7,-1.07235769689831e-05
0.7125,-1.04099498152633e-05
0.725,-9.90769651783712e-06
0.7375,-9.23110535573455e-06
0.75,-8.40145796950059e-06
0.7625,-7.44528969866692e-06
0.775,-6.38963093980461e-06
0.7875,-5.2610946303429e-06
0.8,-4.08149747093296e-06
0.8125,-2.8757425239376e-06
0.825,-1.66040634373865e-06
0.8375,-4.47750582465159e-07
0.85,7.31056130750124e-07
0.8625,1.86058550150986e-06
0.875,2.91975111156376e-06
0.8875,3.88922701112934e-06
0.9,4.7494975343839e-06
0.9125,5.48283569732371e-06
0.925,6.07329648211204e-06
0.9375,6.50484881551338e-06
0.95,6.76520151951401e-06
0.9625,6.84318451561153e-06
0.975,6.73034621310306e-06
0.9875,6.42050374520725e-06
1,5.90902690718821e-06
1.0125,5.19458546288326e-06
1.025,4.27852434677133e-06
1.0375,3.1641606497774e-06
1.05,1.85720543383558e-06
1.0625,3.65905774296217e-07
1.075,-1.30047456697117e-06
1.0875,-3.12986842755648e-06
1.1,-5.10914138704027e-06
1.1125,-7.23162439725739e-06
1.125,-9.45343588125808e-06
1.1375,-1.17778525616012e-05
1.15,-1.4182499927866e-05
1.1625,-1.66426779356109e-05
1.175,-1.91365895520596e-05
1.1875,-2.16404017701459e-05
1.2,-2.4130064826631e-05
1.2125,-2.65808339328284e-05
1.225,-2.89681937372493e-05
1.2375,-3.12674500343827e-05
1.25,-3.3454611440734e-05
1.2625,-3.55062159021859e-05
1.275,-3.73998887910362e-05
1.2875,-3.91147309564113e-05
1.3,-4.06309159560008e-05
1.3125,-4.19305521808209e-05
1.325,-4.29977653076385e-05
1.3375,-4.38183098951496e-05
1.35,-4.43807370912011e-05
1.3625,-4.46756842304946e-05
1.375,-4.46968465152414e-05
1.3875,-4.44405044127706e-05
1.4,-4.39060646647178e-05
1.4125,-4.30962674895464e-05
1.425,-4.20161538809989e-05
1.4375,-4.06742780012931e-05
1.45,-3.90815300036107e-05
1.4625,-3.72518410408156e-05
1.475,-3.52024933381919e-05
1.4875,-3.29528548548522e-05
1.5,-3.05243203713696e-05
1.5125,-2.79408641741424e-05
1.525,-2.5228438752059e-05
1.5375,-2.24147443910015e-05
1.55,-1.95280929995956e-05
1.5625,-1.6598278546566e-05
1.575,-1.36555985676383e-05
1.5875,-1.07301385850449e-05
1.6,-7.85223060669954e-06
1.6125,-5.05155964468877e-06
1.625,-2.35675071614615e-06
1.6375,2.04018994923038e-07
1.65,2.60619957052002e-06
1.6625,4.82321662323508e-06
1.675,6.84875217803697e-06
1.6875,8.62967534239068e-06
1.7,1.01679742217764e-05
1.7125,1.14530421190542e-05
1.725,1.24691021133052e-05
1.7375,1.32091974070671e-05
1.75,1.36673752489671e-05
1.7625,1.38420847063335e-05
1.775,1.37335358588478e-05
1.7875,1.33459215627351e-05
1.8,1.2686720328274e-05
1.8125,1.17660247494775e-05
1.825,1.05970664299208e-05
1.8375,9.19524849017352e-06
1.85,7.57981060500656e-06
1.8625,5.76951465691864e-06
1.875,3.79076904440255e-06
1.8875,1.65585555482836e-06
1.9,-5.91997819414414e-07
1.9125,-2.92347308619313e-06
1.925,-5.32772303491787e-06
1.9375,-7.76552820517366e-06
1.95,-1.02091498297051e-05
1.9625,-1.26271283860614e-05
1.975,-1.49898590448665e-05
1.9875,-1.72675470123195e-05
2,-1.94311442367139e-05
2.0125,-2.14524949254253e-05
2.025,-2.3305010758995e-05
2.0375,-2.4963651320062e-05
2.05,-2.64054252518361e-05
2.0625,-2.76094557197618e-05
2.075,-2.85571894494445e-05
2.0875,-2.92328855170459e-05
2.1,-2.96234769727034e-05
2.1125,-2.97194555631996e-05
2.125,-2.95136906037205e-05
2.1375,-2.90029034401158e-05
2.15,-2.81871089063282e-05
2.1625,-2.70696510165032e-05
2.175,-2.56574798862303e-05
2.1875,-2.39607006172959e-05
2.2,-2.19926605302371e-05
2.2125,-1.97699985553406e-05
2.225,-1.73121222604849e-05
2.2375,-1.46412057680744e-05
2.25,-1.17819226265468e-05
2.2625,-8.76107361368996e-06
2.275,-5.60731254261195e-06
2.2875,-2.35071425159751e-06
2.3,9.7727821062168e-07
2.3125,4.34469580050166e-06
2.325,7.71882213208603e-06
2.3375,1.1068263036189e-05
2.35,1.43630109195345e-05
2.3625,1.75661355279104e-05
2.375,2.06493740712514e-05
2.3875,2.35847315024079e-05
2.4,2.63453946177103e-05
2.4125,2.89065130944117e-05
2.425,3.12456718373287e-05
2.4375,3.33424073703938e-05
2.45,3.51794920124624e-05
2.4625,3.67425580358205e-05
2.475,3.8020116064271e-05
2.4875,3.90039942896633e-05
2.5,3.96890980753177e-05
2.5125,4.00733499414345e-05
2.525,4.01581054351487e-05
2.5375,3.99473834639117e-05
2.55,3.94484608459034e-05
2.5625,3.86718250677459e-05
2.575,3.7630635125624e-05
2.5875,3.63401006103939e-05
2.6,3.48185720020763e-05
2.6125,3.30862469175512e-05
2.625,3.1165002864505e-05
2.6375,2.90802889771136e-05
2.65,2.68562218813496e-05
2.6625,2.45201732569273e-05
2.675,2.2100238809021e-05
2.6875,1.96251831854302e-05
2.7,1.71242405661347e-05
2.7125,1.46265499907606e-05
2.725,1.21607097344468e-05
2.7375,9.75497191579116e-06
2.75,7.43751857267372e-06
2.7625,5.23442425087032e-06
2.775,3.17222624388755e-06
2.7875,1.27094283702344e-06
2.8,-4.27979814882594e-07
2.8125,-1.94093287306754e-06
2.825,-3.23653485075866e-06
2.8375,-4.29036322173236e-06
2.85,-5.09797722707678e-06
2.8625,-5.64817314778247e-06
2.875,-5.93733235024708e-06
2.8875,-5.96283709608819e-06
2.9,-5.72582894589519e-06
2.9125,-5.22992294934283e-06
2.925,-4.48153460888894e-06
2.9375,-3.49163825919576e-06
2.95,-2.27236758640077e-06
2.9625,-8.41494357839447e-07
2.975,7.85714744801119e-07
2.9875,2.58169327690561e-06
3,4.52335579260709e-06
3.0125,6.61610053154418e-06
3.025,8.79978551655153e-06
3.0375,1.10577768741747e-05
3.05,1.33622588115113e-05
3.0625,1.56859446476905e-05
3.075,1.80009409507627e-05
3.0875,2.02795156007405e-05
3.1,2.24946225782257e-05
3.1125,2.46201647400717e-05
3.125,2.66313995033032e-05
3.1375,2.85044393593354e-05
3.15,3.02176633638135e-05
3.1625,3.17515010451963e-05
3.175,3.30880268011948e-05
3.1875,3.42118165002053e-05
3.2,3.5109726528788e-05
3.2125,3.57722045380464e-05
3.225,3.61915119758033e-05
3.2375,3.63623907434041e-05
3.25,3.62827073506553e-05
3.2625,3.59533272094777e-05
3.275,3.53774856274537e-05
3.2875,3.45608060048798e-05
3.3,3.35115239273515e-05
3.3125,3.22401980979514e-05
3.325,3.0759918224671e-05
3.3375,2.90854340277731e-05
3.35,2.7233679499842e-05
3.3625,2.52231501775225e-05
3.375,2.30742117548839e-05
3.3875,2.08081324279889e-05
3.4,1.8447661004317e-05
3.4125,1.60160760634934e-05
3.425,1.35374120807369e-05
3.4375,1.10357850810039e-05
3.45,8.53523135586231e-06
3.4625,6.05986532145608e-06
3.475,3.63335398976049e-06
3.4875,1.27924828258787e-06
3.5,-9.81733943870941e-07
3.5125,-3.12679347752043e-06
3.525,-5.1408986296945e-06
3.5375,-6.99166579602471e-06
3.55,-8.68362984799742e-06
3.5625,-1.02047822775077e-05
3.575,-1.15274100109647e-05
3.5875,-1.26508649277691e-05
3.6,-1.35660107917711e-05
3.6125,-1.42703893801247e-05
3.625,-1.47619838903307e-05
3.6375,-1.50424383744804e-05
3.65,-1.51156520433455e-05
3.6625,-1.49880059322727e-05
3.675,-1.46683398404997e-05
3.6875,-1.41676065028088e-05
3.7,-1.34988311149024e-05
3.7125,-1.2676910437105e-05
3.725,-1.17185708989892e-05
3.7375,-1.06419922251196e-05
3.75,-9.46662893055943e-06
3.7625,-8.21289359190522e-06
3.775,-6.90181671158849e-06
3.7875,-5.5548840110411e-06
3.8,-4.19359285874899e-06
3.8125,-2.84019060141356e-06
3.825,-1.51244886232687e-06
3.8375,-2.34406245987941e-07
3.85,9.73890707482564e-07
3.8625,2.09555562303432e-06
3.875,3.11358767095535e-06
3.8875,4.01264599966415e-06
3.9,4.77893766166317e-06
3.9125,5.40041751265181e-06
3.925,5.8670417537042e-06
3.9375,6.17093675827053e-06
3.95,6.30624520763888e-06
3.9625,6.26916472021198e-06
3.975,6.0580152940733e-06
3.9875,5.6733671898325e-06
4,5.11772628746202e-06
4.0125,4.39582359904439e-06
4.025,3.51436105014213e-06
4.0375,2.48163673115486e-06
4.05,1.3078603216065e-06
4.0625,4.79955558810036e-09
4.075,-1.41348481188792e-06
4.0875,-2.93377760704911e-06
4.1,-4.53736105283873e-06
4.1125,-6.21828686017973e-06
4.125,-7.94029764475305e-06
4.1375,-9.69197567998619e-06
4.15,-1.14634087950696e-05
4.1625,-1.32297297200127e-05
4.175,-1.49740538112269e-05
4.1875,-1.66769769350688e-05
4.2,-1.83209315842926e-05
4.2125,-1.98886322089035e-05
4.225,-2.13637811704959e-05
4.2375,-2.27312527643309e-05
4.25,-2.39768675362147e-05
4.2625,-2.50883927762006e-05
4.275,-2.60550338989136e-05
4.2875,-2.68674749580948e-05
4.3,-2.75187369604295e-05
4.3125,-2.80032272675901e-05
4.325,-2.83174864315234e-05
4.3375,-2.84605148159126e-05
4.35,-2.84331113106954e-05
4.3625,-2.8238296737084e-05
4.375,-2.78808661929405e-05
4.3875,-2.736754575814e-05
4.4,-2.67069119898295e-05
4.4125,-2.59092828469882e-05
4.425,-2.49867415776955e-05
4.4375,-2.39524727236527e-05
4.45,-2.2821080164663e-05
4.4625,-2.16078402125431e-05
4.475,-2.03292539135538e-05
4.4875,-1.90022848210376e-05
4.5,-1.76440248925811e-05
4.5125,-1.62719206535223e-05
4.525,-1.49034508668353e-05
4.5375,-1.3555263778308e-05
4.55,-1.22438695767778e-05
4.5625,-1.09848374984408e-05
4.575,-9.79271876465305e-06
4.5875,-8.68139627127157e-06
4.6,-7.66300408826121e-06
4.6125,-6.74825870190067e-06
4.625,-5.94657894800728e-06
4.6375,-5.26559868923397e-06
4.65,-4.71156661300799e-06
4.6625,-4.28899326919222e-06
4.675,-4.00009378618317e-06
4.6875,-3.84559712545906e-06
4.7,-3.82492967387053e-06
4.7125,-3.93519451813956e-06
4.725,-4.17165229878331e-06
4.7375,-4.52874085873314e-06
4.75,-4.99854406739033e-06
4.7625,-5.57218866115985e-06
4.775,-6.23932010238301e-06
4.7875,-6.98828633403065e-06
4.8,-7.80671462359905e-06
4.8125,-8.68109853656046e-06
4.825,-9.59737523882946e-06
4.8375,-1.0540683573434e-05
4.85,-1.14957985542082e-05
4.8625,-1.24472665338022e-05
4.875,-1.33797385277226e-05
4.8875,-1.42778745047425e-05
4.9,-1.51265556795703e-05
4.9125,-1.59114874259662e-05
4.925,-1.66188236787207e-05
4.9375,-1.72356972493029e-05
4.95,-1.77503206257532e-05
4.9625,-1.81518819538803e-05
4.975,-1.8431076748216e-05
4.9875,-1.85800069747754e-05
5,-1.8592299657044e-05
5.0125,-1.84633925392585e-05
5.025,-1.81903370662644e-05
5.0375,-1.77717729583497e-05
5.05,-1.72085231652729e-05
5.0625,-1.65034848768167e-05
5.075,-1.5659783164002e-05
5.0875,-1.46840039355178e-05
5.1,-1.35838334802975e-05
5.1125,-1.23685818441166e-05
5.125,-1.10489501890262e-05
5.1375,-9.63697123846902e-06
5.15,-8.14570149246768e-06
5.1625,-6.58934577548299e-06
5.175,-4.98287091676736e-06
5.1875,-3.34143481847067e-06
5.2,-1.68217118544328e-06
5.2125,-2.06295218410269e-08
5.225,1.62681321250117e-06
5.2375,3.24457936240449e-06
5.25,4.81650248676788e-06
5.2625,6.32934055887033e-06
5.275,7.76872394543862e-06
5.2875,9.11654851484906e-06
5.3,1.03652321614134e-05
5.3125,1.15028613776314e-05
5.325,1.25203117872895e-05
5.3375,1.34095376120413e-05
5.35,1.41641922710439e-05
5.3625,1.47794377368857e-05
5.375,1.52523387857661e-05
5.3875,1.55814569152764e-05
5.4,1.57671222913096e-05
5.4125,1.58115040002971e-05
5.425,1.57180331003787e-05
5.4375,1.5492144884596e-05
5.45,1.51408482459653e-05
5.4625,1.46721741727473e-05
5.475,1.40956716739079e-05
5.4875,1.3422207613354e-05
5.5,1.26636137693595e-05
5.5125,1.18327788466325e-05
5.525,1.09434778941786e-05
5.5375,1.00102569187698e-05
5.55,9.04790572194339e-06
5.5625,8.07131600308682e-06
5.575,7.09621871293093e-06
5.5875,6.13721402623312e-06
5.6,5.20925280343407e-06
5.6125,4.32773706274233e-06
5.625,3.50564475978786e-06
5.6375,2.76009643944493e-06
5.65,2.10221335442122e-06
5.6625,1.53524029422226e-06
5.675,1.07882596818859e-06
5.6875,7.38720306334825e-07
5.7,5.2285168238183e-07
5.7125,4.37126946353913e-07
5.725,4.85637756677168e-07
5.7375,6.70698530762053e-07
5.75,9.93122320972875e-07
5.7625,1.45240913343581e-06
5.775,2.044854082836e-06
5.7875,2.76773570192469e-06
5.8,3.60948354784708e-06
5.8125,4.56141704673608e-06
5.825,5.63551768572798e-06
5.8375,6.79702067128038e-06
5.85,8.04048639883033e-06
5.8625,9.3524482384165e-06
5.875,1.07190298934302e-05
5.8875,1.21249516709685e-05
5.9,1.35545493326266e-05
5.9125,1.49918720157173e-05
5.925,1.64202390517879e-05
5.9375,1.78234101690069e-05
5.95,1.91854327012888e-05
5.9625,2.04906607828205e-05
5.975,2.17239201411244e-05
5.9875,2.28706298170507e-05
6,2.39171674800151e-05
6.0125,2.48515568631187e-05
6.025,2.56625795825721e-05
6.0375,2.63407389961244e-05
6.05,2.68778671779373e-05
6.0625,2.72674859318723e-05
6.075,2.75047109540109e-05
6.0875,2.75861552118245e-05
6.1,2.751033330347e-05
6.1125,2.72773250096129e-05
6.125,2.6889301078895e-05
6.1375,2.63499852753337e-05
6.15,2.5664342435292e-05
6.1625,2.48392675737345e-05
6.175,2.38832791323728e-05
6.1875,2.28060958430719e-05
6.2,2.16187521625607e-05
6.2125,2.03334197055152e-05
6.225,1.89634114901613e-05
6.2375,1.75227087044816e-05
6.25,1.6026122944873e-05
6.2625,1.44890112961672e-05
6.275,1.29271375436429e-05
6.2875,1.1356700363374e-05
6.3,9.79359597622887e-06
6.3125,8.25390731344684e-06
6.325,6.75291823890388e-06
6.3375,5.30602155946321e-06
6.35,3.92778318305687e-06
6.3625,2.63171882050838e-06
6.375,1.43006728668262e-06
6.3875,3.34469501961113e-07
6.4,-6.44387990285219e-07
6.4125,-1.49889444940091e-06
6.425,-2.21984210935487e-06
6.4375,-2.80512822985793e-06
6.45,-3.23723560536666e-06
6.4625,-3.53434100940167e-06
6.475,-3.69348364365475e-06
6.4875,-3.70305317532222e-06
6.5,-3.57279671469586e-06
6.5125,-3.30694879069976e-06
6.525,-2.91015739587677e-06
6.5375,-2.39910674659931e-06
6.55,-1.77587393160866e-06
6.5625,-1.0398118964302e-06
6.575,-2.23770934703065e-07
6.5875,6.67338437338659e-07
6.6,1.61760022904613e-06
6.6125,2.61287208108928e-06
6.625,3.6371458004117e-06
6.6375,4.674785063669e-06
6.65,5.70979077993592e-06
6.6625,6.72608651252374e-06
6.675,7.70787296125139e-06
6.6875,8.63971020772442e-06
6.7,9.50686207434061e-06
6.7125,1.02954051057107e-05
6.725,1.09922493778695e-05
6.7375,1.15854756280542e-05
6.75,1.20645317904773e-05
6.7625,1.24201912431082e-05
6.775,1.26445643133141e-05
6.7875,1.27314291001255e-05
6.8,1.26765249092841e-05
6.8125,1.24768767891075e-05
6.825,1.21312424044067e-05
6.8375,1.16400655570506e-05
6.85,1.1005429678072e-05
6.8625,1.02311302381896e-05
6.875,9.32251450308043e-06
6.8875,8.2864923599296e-06
6.9,7.13135590570663e-06
6.9125,5.8668517044712e-06
6.925,4.50387902231865e-06
6.9375,3.05454095485174e-06
6.95,1.53177361813072e-06
6.9625,-5.05669638247091e-08
6.975,-1.67777530737896e-06
6.9875,-3.33498381670591e-06
7,-5.00645990115561e-06
7.0125,-6.67832482389831e-06
7.025,-8.32972148224961e-06
7.0375,-9.94979578390048e-06
7.05,-1.15234565322287e-05
7.0625,-1.30347686940507e-05
7.075,-1.44698885775581e-05
7.0875,-1.58154576800235e-05
7.1,-1.7059274735545e-05
7.1125,-1.81901934612234e-05
7.125,-1.91983099448521e-05
7.1375,-2.00752420873038e-05
7.15,-2.08136979086347e-05
7.1625,-2.14083646115026e-05
7.175,-2.18552646041432e-05
7.1875,-2.21521479807959e-05
7.2,-2.22987051274464e-05
7.2125,-2.22960899750489e-05
7.225,-2.21472235311048e-05
7.2375,-2.18566037460949e-05
7.25,-2.14303266198774e-05
7.2625,-2.08761935080973e-05
7.275,-2.02028262653162e-05
7.2875,-1.94213366539612e-05
7.3,-1.85436650704389e-05
7.3125,-1.75818377945915e-05
7.325,-1.65493518974208e-05
7.3375,-1.54605046293457e-05
7.35,-1.43302421384919e-05
7.3625,-1.3173368452462e-05
7.375,-1.20053065009853e-05
7.3875,-1.08415298448289e-05
7.4,-9.69682957447081e-06
7.4125,-8.5858352553668e-06
7.425,-7.52238760393698e-06
7.4375,-6.51971023679497e-06
7.45,-5.59031380245722e-06
7.4625,-4.74570935348456e-06
7.475,-3.99611977322114e-06
7.4875,-3.35032322150958e-06
7.5,-2.81599274277596e-06
7.5125,-2.39914736128624e-06
7.525,-2.10435408652892e-06
7.5375,-1.93490410181214e-06
7.55,-1.89193275705013e-06
7.5625,-1.97514732042294e-06
7.575,-2.18331041439185e-06
7.5875,-2.51335027381071e-06
7.6,-2.9609194606376e-06
7.6125,-3.51998075896021e-06
7.625,-4.18317118526271e-06
7.6375,-4.94190286316184e-06
7.65,-5.78623479320667e-06
7.6625,-6.70550794623143e-06
7.675,-7.68828382056909e-06
7.6875,-8.72177425343861e-06
7.7,-9.79289666104177e-06
7.7125,-1.08882777293382e-05
7.725,-1.19942089653457e-05
7.7375,-1.3096714431991e-05
7.75,-1.41817586552043e-05
7.7625,-1.52351358479751e-05
7.775,-1.62434657924816e-05
7.7875,-1.71934291135707e-05
7.8,-1.80722837836617e-05
7.8125,-1.88683978259437e-05
7.825,-1.95710026115656e-05
7.8375,-2.01701683819128e-05
7.85,-2.06572787330504e-05
7.8625,-2.1024887500692e-05
7.875,-2.12668476497997e-05
7.8875,-2.13783863338477e-05
7.9,-2.13563520984434e-05
7.9125,-2.11991738396764e-05
7.925,-2.0906565411948e-05
7.9375,-2.04800702793338e-05
7.95,-1.99223698551555e-05
7.9625,-1.92380466889088e-05
7.975,-1.84330575665456e-05
7.9875,-1.75145322032372e-05
8,-1.64912644060365e-05
8.0125,-1.53727758075278e-05
8.025,-1.41699080246049e-05
8.0375,-1.28943904839157e-05
8.05,-1.15586197119763e-05
8.0625,-1.0175737563559e-05
8.075,-8.75927895897518e-06
8.0875,-7.32308538876563e-06
8.1,-5.8810618067589e-06
8.1125,-4.44700164997181e-06
8.125,-3.03459604763463e-06
8.1375,-1.65722374690675e-06
8.15,-3.27486551403941e-07
8.1625,9.42397698023533e-07
8.175,2.14156486262255e-06
8.1875,3.25925682644042e-06
8.2,4.28740332326738e-06
8.2125,5.22314929321513e-06
8.225,6.04248272715661e-06
8.2375,6.75373561757593e-06
8.25,7.35084700326874e-06
8.2625,7.83039890344424e-06
8.275,8.19123000208827e-06
8.2875,8.43319319588354e-06
8.3,8.55783062894251e-06
8.3125,8.5677336524538e-06
8.325,8.46699700538069e-06
8.3375,8.26097999618557e-06
8.35,7.95625566207676e-06
8.3625,7.56051899177238e-06
8.375,7.08248442932473e-06
8.3875,6.53175746028637e-06
8.4,5.91873954978183e-06
8.4125,5.25453761764009e-06
8.425,4.55074147166635e-06
8.4375,3.81929372512014e-06
8.45,3.07256856738796e-06
8.4625,2.32193725196872e-06
8.475,1.5835571517656e-06
8.4875,8.6573783065186e-07
8.5,1.80838853618144e-07
8.5125,-4.59207935912528e-07
8.525,-1.04364391849191e-06
8.5375,-1.56193478942275e-06
8.55,-2.0049029098231e-06
8.5625,-2.36402509846996e-06
8.575,-2.63207870941112e-06
8.5875,-2.802850658491e-06
8.6,-2.87151228088112e-06
8.6125,-2.83444276748632e-06
8.625,-2.68930224636216e-06
8.6375,-2.4350164171043e-06
8.65,-2.07199751373791e-06
8.6625,-1.60220848906494e-06
8.675,-1.02872316692022e-06
8.6875,-3.55806421684352e-07
8.7,4.10378545413418e-07
8.7125,1.263533547983e-06
8.725,2.19454168022705e-06
8.7375,3.19651708641149e-06
8.75,4.25287980053151e-06
8.7625,5.3608254486775e-06
8.775,6.51298612901296e-06
8.7875,7.68607314076221e-06
8.8,8.87344200101517e-06
8.8125,1.00616856194823e-05
8.825,1.12390844974403e-05
8.8375,1.23931107769008e-05
8.85,1.35119724396203e-05
8.8625,1.45843874346689e-05
8.875,1.5599230679851e-05
8.8875,1.6545928120699e-05
8.9,1.7415397673479e-05
8.9125,1.81989305795011e-05
8.925,1.88889431863246e-05
8.9375,1.94790530021505e-05
8.95,1.99638500657331e-05
8.9625,2.03390378786318e-05
8.975,2.06017050576959e-05
8.9875,2.0750324861581e-05
9,2.07844159596058e-05
9.0125,2.07049883828912e-05
9.025,2.05141310349677e-05
9.0375,2.02154054589918e-05
9.05,1.98130898679671e-05
9.0625,1.93129563031279e-05
9.075,1.87217293489434e-05
9.0875,1.80468046610469e-05
9.1,1.72966447849752e-05
9.1125,1.64806383931664e-05
9.125,1.56087755747087e-05
9.1375,1.46915686890646e-05
9.15,1.37396251153132e-05
9.1625,1.27642874598916e-05
9.175,1.17768337828187e-05
9.1875,1.07887389618513e-05
9.2,9.81107003785549e-06
9.2125,8.85507829339792e-06
9.225,7.93144773664258e-06
9.2375,7.0504462213714e-06
9.25,6.2215836380918e-06
9.2625,5.45381559661353e-06
9.275,4.75526527475262e-06
9.2875,4.13298809344782e-06
9.3,3.59301904303599e-06
9.3125,3.14043321684543e-06
9.325,2.77953263265255e-06
9.3375,2.51279105291248e-06
9.35,2.34168131742475e-06
9.3625,2.26657179388358e-06
9.375,2.28613979356663e-06
9.3875,2.39826866712858e-06
9.4,2.59947997749812e-06
9.4125,2.88515187121884e-06
9.425,3.24976327962342e-06
9.4375,3.68668683659717e-06
9.45,4.18818800587535e-06
9.4625,4.74560009010028e-06
9.475,5.34964758789175e-06
9.4875,5.99053559672872e-06
9.5,6.65780804465704e-06
9.5125,7.34064876715551e-06
9.525,8.02829497533746e-06
9.5375,8.70986468824016e-06
9.55,9.37443194040039e-06
9.5625,1.00111322724018e-05
9.575,1.06096689473843e-05
9.5875,1.11601960751398e-05
9.6,1.1653194101693e-05
9.6125,1.20801046844382e-05
9.625,1.24331684215621e-05
9.6375,1.27053702982106e-05
9.65,1.2890732289085e-05
9.6625,1.29842805486526e-05
9.675,1.29820748296442e-05
9.6875,1.28814674161859e-05
9.7,1.26809092783882e-05
9.7125,1.23798719939405e-05
9.725,1.19790412457763e-05
9.7375,1.1480314561868e-05
9.75,1.08867552028478e-05
9.7625,1.02021719981498e-05
9.775,9.43246128830732e-06
9.7875,8.58347278236248e-06
9.8,7.66211620905358e-06
9.8125,6.67615806008671e-06
9.825,5.63413800067029e-06
9.8375,4.54530302376228e-06
9.85,3.41973980209608e-06
9.8625,2.26694948687799e-06
9.875,1.09763342762685e-06
9.8875,-7.7384510193919e-08
9.9,-1.2475635661735e-06
9.9125,-2.40200465419615e-06
9.925,-3.53075112678367e-06
9.9375,-4.62240541499975e-06
9.95,-5.66736906029568e-06
9.9625,-6.65988325246887e-06
9.975,-7.58817096463688e-06
9.9875,-8.44527301307052e-06
10,-9.2239500749177e-06
10.0125,-9.9182560587669e-06
10.025,-1.05230935894143e-05
10.0375,-1.10344845208544e-05
10.05,-1.1449574811622e-05
10.0625,-1.17665984280952e-05
10.075,-1.19849166688337e-05
10.0875,-1.21050502555935e-05
10.1,-1.21287700979867e-05
10.1125,-1.20589126474934e-05
10.125,-1.1899434876708e-05
10.1375,-1.16553286961824e-05
10.15,-1.13326222489915e-05
10.1625,-1.09382248855289e-05
10.175,-1.04796842063687e-05
10.1875,-9.96551525245365e-06
10.2,-9.40474583879181e-06
10.2125,-8.80697994040967e-06
10.225,-8.18190275971994e-06
10.2375,-7.53985847352277e-06
10.25,-6.89139578848371e-06
10.2625,-6.24650013890306e-06
10.275,-5.61526947237451e-06
10.2875,-5.0073960956523e-06
10.3,-4.43245210753653e-06
10.3125,-3.89950302278865e-06
10.325,-3.41710871161428e-06
10.3375,-2.992671700148e-06
10.35,-2.6335141850307e-06
10.3625,-2.34478677630428e-06
10.375,-2.13313598399445e-06
10.3875,-1.99815643498354e-06
10.4,-1.94425357949103e-06
10.4125,-1.98408258034364e-06
10.425,-2.10895572946177e-06
10.4375,-2.32254171603394e-06
10.45,-2.60925936553766e-06
10.4625,-2.98285913480024e-06
10.475,-3.43493018224972e-06
10.4875,-3.9617040894067e-06
10.5,-4.55749927297049e-06
10.5125,-5.21627549553109e-06
10.525,-5.93099083682951e-06
10.5375,-6.69400367243992e-06
10.55,-7.4968654331041e-06
10.5625,-8.33079292609826e-06
10.575,-9.18645125101842e-06
10.5875,-1.00541670467692e-05
10.6,-1.09240959442803e-05
10.6125,-1.17863229075135e-05
10.625,-1.26310221738543e-05
10.6375,-1.34483181801122e-05
10.65,-1.42288747098439e-05
10.6625,-1.49635489750144e-05
10.675,-1.56436133399172e-05
10.6875,-1.62610604471935e-05
10.7,-1.68083708142321e-05
10.7125,-1.72788574331438e-05
10.725,-1.76664427575098e-05
10.7375,-1.79662205185321e-05
10.75,-1.81742580686201e-05
10.7625,-1.82875376242214e-05
10.775,-1.83040348436828e-05
10.7875,-1.82228592084928e-05
10.8,-1.80443861436332e-05
10.8125,-1.77699123660266e-05
10.825,-1.7401847329002e-05
10.8375,-1.69438811220057e-05
10.85,-1.64002854455075e-05
10.8625,-1.57767113549507e-05
10.875,-1.5079293864876e-05
10.8875,-1.43153414044092e-05
10.9,-1.34925316908441e-05
10.9125,-1.26194156137142e-05
10.925,-1.17050254051985e-05
10.9375,-1.07587505293332e-05
10.95,-9.79036577597151e-06
10.9625,-8.80974891413089e-06
10.975,-7.82685324721652e-06
10.9875,-6.85161049423339e-06
11,-5.89364288911607e-06
11.0125,-4.96222528534949e-06
11.025,-4.06634548745407e-06
11.0375,-3.2145086897525e-06
11.05,-2.41479267946433e-06
11.0625,-1.67431264174838e-06
11.075,-9.99280450835245e-07
11.0875,-3.95272885336107e-07
11.1,1.33109147789807e-07
11.1125,5.8227588913698e-07
11.125,9.49510350447915e-07
11.1375,1.23326709498021e-06
11.15,1.43293982912865e-06
11.1625,1.54884475713189e-06
11.175,1.58249768037262e-06
11.1875,1.53639305316078e-06
11.2,1.41386477383054e-06
11.2125,1.21915067344777e-06
11.225,9.57527167536847e-07
11.2375,6.34902018596919e-07
11.25,2.57903431671898e-07
11.2625,-1.6613056188713e-07
11.275,-6.2929458833948e-07
11.2875,-1.12326203511932e-06
11.3,-1.63928265510298e-06
11.3125,-2.16840499515622e-06
11.325,-2.70149334146387e-06
11.3375,-3.22931261306634e-06
11.35,-3.74278901104349e-06
11.3625,-4.23295717258254e-06
11.375,-4.6911352004019e-06
11.3875,-5.10899193941216e-06
11.4,-5.47867593091193e-06
11.4125,-5.79295054192256e-06
11.425,-6.04519978940683e-06
11.4375,-6.22949781536516e-06
11.45,-6.34084972459121e-06
11.4625,-6.37501699851145e-06
11.475,-6.3285995537158e-06
11.4875,-6.19939312592603e-06
11.5,-5.98604631203777e-06
11.5125,-5.68830967520937e-06
11.525,-5.30689155484198e-06
11.5375,-4.84356818193064e-06
11.55,-4.30106903666479e-06
11.5625,-3.68311915728531e-06
11.575,-2.99434431370943e-06
11.5875,-2.24023238439049e-06
11.6,-1.42711180402597e-06
11.6125,-5.62044511045827e-07
11.625,3.47271649079532e-07
11.6375,1.29275443474565e-06
11.65,2.26547540734637e-06
11.6625,3.25716120311783e-06
11.675,4.25613073931526e-06
11.6875,5.25702359544374e-06
11.7,6.24934788099123e-06
11.7125,7.22132730243578e-06
11.725,8.16567763943107e-06
11.7375,9.07328308906661e-06
11.75,9.93629240116681e-06
11.7625,1.07467388982048e-05
11.775,1.14974129294268e-05
11.7875,1.21819106640538e-05
11.8,1.27946822167291e-05
11.8125,1.33306668901568e-05
11.825,1.37860295711126e-05
11.8375,1.41575986660806e-05
11.85,1.44431160357242e-05
11.8625,1.46415027596085e-05
11.875,1.47525551195274e-05
11.8875,1.47771331181741e-05
11.9,1.47170761379078e-05
11.9125,1.45747182279054e-05
11.925,1.43535241727433e-05
11.9375,1.40579501538492e-05
11.95,1.36932009846543e-05
11.9625,1.32650938246973e-05
11.975,1.27801595493886e-05
11.9875,1.22456097254854e-05
12,1.16690388339125e-05
12.0125,1.10585530809187e-05
12.025,1.0422398723844e-05
12.0375,9.76914516013561e-06
12.05,9.10741712929872e-06
12.0625,8.4456547363982e-06
12.075,7.79270538997405e-06
12.0875,7.15714124455874e-06
12.1,6.54695322086875e-06
12.1125,5.96983478335928e-06
12.125,5.43295822448265e-06
12.1375,4.94293243373533e-06
12.15,4.50599237855104e-06
12.1625,4.1277241762842e-06
12.175,3.8126890476065e-06
12.1875,3.5645952086733e-06
12.2,3.38644459875889e-06
12.2125,3.28012993571311e-06
12.225,3.24674394550193e-06
12.2375,3.28647496510729e-06
12.25,3.39838711854666e-06
12.2625,3.58061911772472e-06
12.275,3.83066747909678e-06
12.2875,4.14496215406877e-06
12.3,4.51913694115058e-06
12.3125,4.94779460983749e-06
12.325,5.42521278946259e-06
12.3375,5.94473604784106e-06
12.35,6.4993315697287e-06
12.3625,7.08149756439146e-06
12.375,7.68326279679351e-06
12.3875,8.29649478728794e-06
12.4,8.91282589093111e-06
12.4125,9.52362317251911e-06
12.425,1.01203597267132e-05
12.4375,1.06948557598958e-05
12.45,1.12392085522948e-05
12.4625,1.17456739888876e-05
12.475,1.22068806076169e-05
12.4875,1.26161437841409e-05
12.5,1.29671298276676e-05
12.5125,1.32544409743861e-05
12.525,1.3473120163389e-05
12.5375,1.36191704502238e-05
12.55,1.36895605775547e-05
12.5625,1.36818437186238e-05
12.575,1.3594533833901e-05
12.5875,1.34269759936146e-05
12.6,1.31798338741415e-05
12.6125,1.28542107384626e-05
12.625,1.2452086900382e-05
12.6375,1.19764455701303e-05
12.65,1.14309600845773e-05
12.6625,1.08202000113175e-05
12.675,1.01494669298404e-05
12.6875,9.42452569630644e-06
12.7,8.65183974038438e-06
12.7125,7.83844863991266e-06
12.725,6.9916017940879e-06
12.7375,6.11907680121071e-06
12.75,5.22882657915478e-06
12.7625,4.32888181546329e-06
12.775,3.42752782560976e-06
12.7875,2.53288610300771e-06
12.8,1.65298092418864e-06
12.8125,7.95738125699685e-07
12.825,-3.14624058753694e-08
12.8375,-8.21399867701618e-07
12.85,-1.56756639328349e-06
12.8625,-2.26335519247969e-06
12.875,-2.90435904789494e-06
12.8875,-3.48023244443197e-06
12.9,-3.99666975119133e-06
12.9125,-4.44643806208657e-06
12.925,-4.8241499651263e-06
12.9375,-5.13026541348013e-06
12.95,-5.36330416821208e-06
12.9625,-5.52375232146559e-06
12.975,-5.61244647875173e-06
12.9875,-5.63138982407377e-06
13,-5.58327529499907e-06
13.0125,-5.47160711333363e-06
13.025,-5.30061767575585e-06
13.0375,-5.07520964289578e-06
13.05,-4.80092711684679e-06
13.0625,-4.48390546934285e-06
13.075,-4.1307464144864e-06
13.0875,-3.74843576594362e-06
13.1,-3.34425216344119e-06
13.1125,-2.92583694796913e-06
13.125,-2.50065597065766e-06
13.1375,-2.07676579966833e-06
13.15,-1.66075105120238e-06
13.1625,-1.26068273811287e-06
13.175,-8.84588301222369e-07
13.1875,-5.38789317164059e-07
13.2,-2.29675826448925e-07
13.2125,3.68954504839959e-08
13.225,2.55545731694534e-07
13.2375,4.21471436838261e-07
13.25,5.30670644770449e-07
13.2625,5.79802977511259e-07
13.275,5.66354292107193e-07
13.2875,4.88465167129528e-07
13.3,3.45243404363963e-07
13.3125,1.36531865366019e-07
13.325,-1.36936721310687e-07
13.3375,-4.737839609678e-07
13.35,-8.71762241314375e-07
13.3625,-1.32760063837294e-06
13.375,-1.83824871675692e-06
13.3875,-2.39776277591483e-06
13.4,-3.007020847305e-06
13.4125,-3.65025319761423e-06
13.425,-4.32509128432079e-06
13.4375,-5.0291908968007e-06
13.45,-5.75256958712726e-06
13.4625,-6.48910321775324e-06
13.475,-7.23105929742756e-06
13.4875,-7.97111878718931e-06
13.5,-8.70161371486381e-06
13.5125,-9.41526217475553e-06
13.525,-1.01047198046295e-05
13.5375,-1.07630662962733e-05
13.55,-1.1383695015372e-05
13.5625,-1.19601635127929e-05
13.575,-1.24866771861014e-05
13.5875,-1.29581093447603e-05
13.6,-1.33697831354781e-05
13.6125,-1.3717717071611e-05
13.625,-1.39986394353195e-05
13.6375,-1.42099873840012e-05
13.65,-1.43500583378992e-05
13.6625,-1.44178195286419e-05
13.675,-1.44128936335238e-05
13.6875,-1.4335967163406e-05
13.7,-1.4188388105643e-05
13.7125,-1.39725703887604e-05
13.725,-1.36914826766053e-05
13.7375,-1.33487404635241e-05
13.75,-1.29485885002084e-05
13.7625,-1.24961054080801e-05
13.775,-1.19967660734436e-05
13.7875,-1.14567256182782e-05
13.8,-1.08822954284958e-05
13.8125,-1.02802166709574e-05
13.825,-9.65743806306052e-06
13.8375,-9.02093306621314e-06
13.85,-8.37798816215125e-06
13.8625,-7.73592021525213e-06
13.875,-7.10183683413602e-06
13.8875,-6.48251987384508e-06
13.9,-5.88483157964204e-06
13.9125,-5.31517241717908e-06
13.925,-4.77928438318775e-06
13.9375,-4.28257076491888e-06
13.95,-3.82990121642817e-06
13.9625,-3.42538729474655e-06
13.975,-3.07267769950524e-06
13.9875,-2.77463635086305e-06
14,-2.53342640222743e-06
14.0125,-2.35049462645264e-06
14.025,-2.22644552068889e-06
14.0375,-2.16134803315639e-06
14.05,-2.15448050455748e-06
14.0625,-2.20434345623175e-06
14.075,-2.30846694099017e-06
14.0875,-2.46393545957937e-06
14.1,-2.66728193989489e-06
14.1125,-2.91433785138824e-06
14.125,-3.20038580736978e-06
14.1375,-3.52022771009398e-06
14.15,-3.86818594741086e-06
14.1625,-4.23812782486263e-06
14.175,-4.62388428191299e-06
14.1875,-5.01899726485463e-06
14.2,-5.41677958612647e-06
14.2125,-5.81058256034999e-06
14.225,-6.19364524852782e-06
14.2375,-6.55941710351126e-06
14.25,-6.90156343582418e-06
14.2625,-7.21401982030133e-06
14.275,-7.49093624919349e-06
14.2875,-7.72685327998109e-06
14.3,-7.91694969520721e-06
14.3125,-8.05676083137443e-06
14.325,-8.14243066419685e-06
14.3375,-8.17076874230414e-06
14.35,-8.13929637839856e-06
14.3625,-8.04613475030233e-06
14.375,-7.89018576700136e-06
14.3875,-7.67110512951036e-06
14.4,-7.38923572077468e-06
14.4125,-7.04566256468603e-06
14.425,-6.64223631118274e-06
14.4375,-6.18151273170149e-06
14.45,-5.66665815011185e-06
14.4625,-5.10177509823232e-06
14.475,-4.49092981155361e-06
14.4875,-3.83918270078255e-06
14.5,-3.15215860907074e-06
14.5125,-2.43567392439622e-06
14.525,-1.69586617748773e-06
14.5375,-9.39599858020762e-07
14.55,-1.73250453779906e-07
14.5625,5.96426168448387e-07
14.575,1.36260849826227e-06
14.5875,2.11873129530023e-06
14.6,2.85785390279125e-06
14.6125,3.57489836453944e-06
14.625,4.26201573281346e-06
14.6375,4.91340665291402e-06
14.65,5.52478542826368e-06
14.6625,6.09088206505816e-06
14.675,6.6075953156331e-06
14.6875,7.07113182944513e-06
14.7,7.47842106868575e-06
14.7125,7.82710380970575e-06
14.725,8.11540388504766e-06
14.7375,8.34225339570119e-06
14.75,8.50729193208476e-06
14.7625,8.6109686166718e-06
14.775,8.65438929664905e-06
14.7875,8.63926202594978e-06
14.8,8.56780974947856e-06
14.8125,8.44311691355126e-06
14.825,8.26875036131773e-06
14.8375,8.04891836149584e-06
14.85,7.78825153492419e-06
14.8625,7.49179974949805e-06
14.875,7.16510915863506e-06
14.8875,6.81362456818699e-06
14.9,6.44338145138372e-06
14.9125,6.06062496671177e-06
14.925,5.67153397364341e-06
14.9375,5.28245212915335e-06
14.95,4.8994815828438e-06
14.9625,4.52872922629703e-06
14.975,4.17596901861184e-06
14.9875,3.8468313228701e-06
15,3.54656967487212e-06
15.0125,3.28003324059785e-06
15.025,3.05169178619683e-06
15.0375,2.86540428324075e-06
15.05,2.72455888482917e-06
15.0625,2.63184803440153e-06
15.075,2.58935900447895e-06
15.0875,2.59852430055623e-06
15.1,2.66021869053394e-06
15.1125,2.77447086666722e-06
15.125,2.94054013538186e-06
15.1375,3.15734022408546e-06
15.15,3.42277151831769e-06
15.1625,3.73424669343544e-06
15.175,4.08859006347095e-06
15.1875,4.48216279946028e-06
15.2,4.91057877250341e-06
15.2125,5.3690456260832e-06
15.225,5.85256943387206e-06
15.2375,6.35561584441529e-06
15.25,6.87239018045248e-06
15.2625,7.39673704830764e-06
15.275,7.92243989086959e-06
15.2875,8.44354514967897e-06
15.3,8.95374226043602e-06
15.3125,9.44698076344984e-06
15.325,9.9174687842705e-06
15.3375,1.03593388173561e-05
15.35,1.07671977976823e-05
15.3625,1.1136103214261e-05
15.375,1.14616054664173e-05
15.3875,1.17394161394045e-05
15.4,1.19659281294746e-05
15.4125,1.21381866968657e-05
15.425,1.22537424726038e-05
15.4375,1.23109204390387e-05
15.45,1.23084930333211e-05
15.4625,1.22459569325556e-05
15.475,1.21234555169501e-05
15.4875,1.19418512552458e-05
15.5,1.17026504544412e-05
15.5125,1.14077755950064e-05
15.525,1.10599374259423e-05
15.5375,1.06624583820097e-05
15.55,1.02189748689575e-05
15.5625,9.73383875446858e-06
15.575,9.21171072553001e-06
15.5875,8.65763757828779e-06
15.6,8.0771864992796e-06
15.6125,7.47584623008828e-06
15.625,6.85941896534705e-06
15.6375,6.23370423330933e-06
15.65,5.6047538741591e-06
15.6625,4.97858732759198e-06
15.675,4.36117081982057e-06
15.6875,3.75823022211732e-06
15.7,3.17523966019012e-06
15.7125,2.61747636658191e-06
15.725,2.08989263674435e-06
15.7375,1.59692083863634e-06
15.75,1.14257015264311e-06
15.7625,7.30494045526389e-07
15.775,3.63664922060043e-07
15.7875,4.43550970693464e-08
15.8,-2.25473071748255e-07
15.8125,-4.44595580123067e-07
15.825,-6.12475716911997e-07
15.8375,-7.29168175222262e-07
15.85,-7.95382517631082e-07
15.8625,-8.12421947204945e-07
15.875,-7.82210428289358e-07
15.8875,-7.07311984463171e-07
15.9,-5.90758742267847e-07
15.9125,-4.36215498657629e-07
15.925,-2.47717526050734e-07
15.9375,-2.9753607923957e-08
15.95,2.12867179010912e-07
15.9625,4.75001145503391e-07
15.975,7.5128978813541e-07
15.9875,1.03621507026451e-06
16,1.32419607262868e-06
16.0125,1.60958924735562e-06
16.025,1.88678698057067e-06
16.0375,2.15032656684472e-06
16.05,2.39489119640472e-06
16.0625,2.6154175608879e-06
16.075,2.80716579295918e-06
16.0875,2.96575703472359e-06
16.1,3.08719664598026e-06
16.1125,3.1680110224633e-06
16.125,3.20507437509344e-06
16.1375,3.19604694491008e-06
16.15,3.13904633332337e-06
16.1625,3.03265733801343e-06
16.175,2.87618475177136e-06
16.1875,2.66951667671711e-06
16.2,2.41312500636519e-06
16.2125,2.10811878225186e-06
16.225,1.75621082441863e-06
16.2375,1.35964692079361e-06
16.25,9.2122634257896e-07
16.2625,4.4426750589456e-07
16.275,-6.75356310180871e-08
16.2875,-6.10044906083605e-07
16.3,-1.17859993429434e-06
16.3125,-1.76851306505864e-06
16.325,-2.37416268084825e-06
16.3375,-2.99236761389287e-06
16.35,-3.61355214008481e-06
16.3625,-4.23411193477094e-06
16.375,-4.84983138747611e-06
16.3875,-5.45401040283243e-06
16.4,-6.0415355852775e-06
16.4125,-6.60691606977312e-06
16.425,-7.14521322292927e-06
16.4375,-7.65163421379396e-06
16.45,-8.12189480687892e-06
16.4625,-8.551974666201e-06
16.475,-8.93827554083211e-06
16.4875,-9.27778827599744e-06
16.5,-9.56804065778857e-06
16.5125,-9.80691834960406e-06
16.525,-9.9930902753132e-06
16.5375,-1.01257610253681e-05
16.55,-1.02046846305369e-05
16.5625,-1.02302455725149e-05
16.575,-1.02034397395279e-05
16.5875,-1.01258002693225e-05
16.6,-9.99951802023818e-06
16.6125,-9.82703020162426e-06
16.625,-9.61154786465096e-06
16.6375,-9.35671128610119e-06
16.65,-9.06649998271143e-06
16.6625,-8.74520469085923e-06
16.675,-8.39757748317662e-06
16.6875,-8.02858432948157e-06
16.7,-7.64327744584225e-06
16.7125,-7.24693953025964e-06
16.725,-6.84493119133394e-06
16.7375,-6.44261164495654e-06
16.75,-6.04514059740549e-06
16.7625,-5.65772015717886e-06
16.775,-5.28519182268588e-06
16.7875,-4.93219636607403e-06
16.8,-4.60296596955009e-06
16.8125,-4.30164248487618e-06
16.825,-4.03189744025381e-06
16.8375,-3.79699769291849e-06
16.85,-3.599604619328e-06
16.8625,-3.44174982423228e-06
16.875,-3.32507081398292e-06
16.8875,-3.2508254737828e-06
16.9,-3.2195365286614e-06
16.9125,-3.23128161439292e-06
16.925,-3.28542747314458e-06
16.9375,-3.38078094315517e-06
16.95,-3.51579344069841e-06
16.9625,-3.68831465661187e-06
16.975,-3.89548902130921e-06
16.9875,-4.13433704789329e-06
17,-4.40137589371535e-06
17.0125,-4.69285438791793e-06
17.025,-5.00443661365034e-06
17.0375,-5.33155064206614e-06
17.05,-5.66960425129086e-06
17.0625,-6.01387132329561e-06
17.075,-6.35925060280631e-06
17.0875,-6.70061289777919e-06
17.1,-7.03311163444453e-06
17.1125,-7.35181409336064e-06
17.125,-7.65180853576066e-06
17.1375,-7.92856001236599e-06
17.15,-8.17769219860225e-06
17.1625,-8.39498040358884e-06
17.175,-8.57671342403909e-06
17.1875,-8.71963867348529e-06
17.2,-8.82078569333504e-06
17.2125,-8.87765768634517e-06
17.225,-8.88836830063367e-06
17.2375,-8.85148992728031e-06
17.25,-8.76609307303936e-06
17.2625,-8.63174949985006e-06
17.275,-8.4486590251427e-06
17.2875,-8.21762214870342e-06
17.3,-7.93990199568224e-06
17.3125,-7.61723930228319e-06
17.325,-7.25198802527734e-06
17.3375,-6.8469668304853e-06
17.35,-6.4053435373086e-06
17.3625,-5.93079071868823e-06
17.375,-5.42728162890687e-06
17.3875,-4.8990811981464e-06
17.4,-4.3508307682451e-06
17.4125,-3.78731279509797e-06
17.425,-3.21343968971618e-06
17.4375,-2.63425051891001e-06
17.45,-2.05478227284837e-06
17.4625,-1.48002315765187e-06
17.475,-9.14984447227051e-07
17.4875,-3.64364908203121e-07
17.5,1.67191538172245e-07
17.5125,6.75411881767758e-07
17.525,1.15607216968189e-06
17.5375,1.6059716032887e-06
17.55,2.02088709947606e-06
17.5625,2.40087987683357e-06
17.575,2.74032991240124e-06
17.5875,3.03550737884094e-06
17.6,3.289416099826e-06
17.6125,3.49916727094151e-06
17.625,3.66494298228557e-06
17.6375,3.78661829993986e-06
17.65,3.86494013812371e-06
17.6625,3.90100957803982e-06
17.675,3.89646345108123e-06
17.6875,3.85337998864129e-06
17.7,3.77433387926881e-06
17.7125,3.66230595830626e-06
17.725,3.52062506209722e-06
17.7375,3.35294003772172e-06
17.75,3.16322054965088e-06
17.7625,2.95568787332902e-06
17.775,2.73460758230112e-06
17.7875,2.5045956510014e-06
17.8,2.2701674728553e-06
17.8125,2.03599321121367e-06
17.825,1.80655060156334e-06
17.8375,1.58663830527834e-06
17.85,1.38070793035195e-06
17.8625,1.19165901001384e-06
17.875,1.0243862460522e-06
17.8875,8.82376462882855e-07
17.9,7.68939326485077e-07
17.9125,6.87012266394023e-07
17.925,6.39103127285149e-07
17.9375,6.27229717964161e-07
17.95,6.53048266606822e-07
17.9625,7.17627682490747e-07
17.975,8.21551859890596e-07
17.9875,9.64947662650979e-07
18,1.1476997318279e-06
18.0125,1.36828228092888e-06
18.025,1.62646729241913e-06
18.0375,1.91658355157182e-06
18.05,2.24143587302299e-06
18.0625,2.5990382878651e-06
18.075,2.98121077332376e-06
18.0875,3.38692305515904e-06
18.1,3.81180155732798e-06
18.1125,4.25214573358344e-06
18.125,4.70346438452259e-06
18.1375,5.1613990637469e-06
18.15,5.6213928401334e-06
18.1625,6.07893918800823e-06
18.175,6.52937487667484e-06
18.1875,6.96830587378499e-06
18.2,7.39127173819928e-06
18.2125,7.79385420119689e-06
18.225,8.17205502720146e-06
18.2375,8.52193408733433e-06
18.25,8.83996687330923e-06
18.2625,9.12314575623069e-06
18.275,9.36857089074581e-06
18.2875,9.57403503336407e-06
18.3,9.73756765847695e-06
18.3125,9.85760626824489e-06
18.325,9.93315843683398e-06
18.3375,9.96367279161663e-06
18.35,9.94911679143656e-06
18.3625,9.89010729855085e-06
18.375,9.78757278992664e-06
18.3875,9.64277929931894e-06
18.4,9.45759439461262e-06
18.4125,9.23434532131384e-06
18.425,8.97560968553236e-06
18.4375,8.68448567971523e-06
18.45,8.36421479810546e-06
18.4625,8.01850561938998e-06
18.475,7.65125988267819e-06
18.4875,7.26657416097751e-06
18.5,6.86873317366382e-06
18.5125,6.46205284928943e-06
18.525,6.05090963217876e-06
18.5375,5.63962193722873e-06
18.55,5.23249372330714e-06
18.5625,4.8337624608856e-06
18.575,4.44758316657662e-06
18.5875,4.07784731003335e-06
18.6,3.72817343293783e-06
18.6125,3.40190663765153e-06
18.625,3.10205477365998e-06
18.6375,2.83128971017896e-06
18.65,2.59192858711967e-06
18.6625,2.38575719611363e-06
18.675,2.21423381410277e-06
18.6875,2.07834488541629e-06
18.7,1.97856944783499e-06
18.7125,1.91483934679044e-06
18.725,1.88674909973451e-06
18.7375,1.89338214015633e-06
18.75,1.93324797703304e-06
18.7625,2.0046508456976e-06
18.775,2.10545202794292e-06
18.7875,2.23303080944035e-06
18.8,2.38455336886303e-06
18.8125,2.55669775574429e-06
18.825,2.74593253781128e-06
18.8375,2.94857638977582e-06
18.85,3.16066543308142e-06
18.8625,3.3782694733368e-06
18.875,3.59722920717379e-06
18.8875,3.81335832452762e-06
18.9,4.02257445392941e-06
18.9125,4.22080581115772e-06
18.925,4.40411710988921e-06
18.9375,4.56874594014062e-06
18.95,4.71117150247853e-06
18.9625,4.82808683120078e-06
18.975,4.91657303477198e-06
18.9875,4.97401160305736e-06
19,4.99808806662125e-06
19.0125,4.9868869089047e-06
19.025,4.93895415095547e-06
19.0375,4.85324535119234e-06
19.05,4.72913057516287e-06
19.0625,4.56643631453592e-06
19.075,4.36547183953177e-06
19.0875,4.1269830761628e-06
19.1,3.85213720487852e-06
19.1125,3.54253952903687e-06
19.125,3.20018017074865e-06
19.1375,2.82743167813285e-06
19.15,2.42689220753514e-06
19.1625,2.00190864895543e-06
19.175,1.5556420371054e-06
19.1875,1.09166128259645e-06
19.2,6.13697955046713e-07
19.2125,1.2577403704588e-07
19.225,-3.68113278778508e-07
19.2375,-8.63969181902664e-07
19.25,-1.357449087974e-06
19.2625,-1.84455037754351e-06
19.275,-2.32102581261093e-06
19.2875,-2.78270381857966e-06
19.3,-3.22683132059621e-06
19.3125,-3.64928540394347e-06
19.325,-4.04677695889167e-06
19.3375,-4.41628674575368e-06
19.35,-4.75515819748371e-06
19.3625,-5.06103571147996e-06
19.375,-5.33200559193387e-06
19.3875,-5.56648604667329e-06
19.4,-5.76333754700232e-06
19.4125,-5.92189032265686e-06
19.425,-6.04188282776849e-06
19.4375,-6.12342909044633e-06
19.45,-6.16715604691421e-06
19.4625,-6.17409727523543e-06
19.475,-6.1457084113937e-06
19.4875,-6.08384888391516e-06
19.5,-5.99069517905381e-06
19.5125,-5.86871835150735e-06
19.525,-5.72084111712916e-06
19.5375,-5.55037042575571e-06
19.55,-5.3604699458829e-06
19.5625,-5.1547906684593e-06
19.575,-4.93697332140458e-06
19.5875,-4.71082305290668e-06
19.6,-4.4801965791123e-06
19.6125,-4.24890353977116e-06
19.625,-4.02084207611752e-06
19.6375,-3.79964356452305e-06
19.65,-3.58897527562526e-06
19.6625,-3.39224044476996e-06
19.675,-3.21266110014994e-06
19.6875,-3.05321819246252e-06
19.7,-2.9166050947774e-06
19.7125,-2.80512403575723e-06
19.725,-2.72083232532432e-06
19.7375,-2.6653419679106e-06
19.75,-2.63979297973842e-06
19.7625,-2.64511355761562e-06
19.775,-2.68178965978878e-06
19.7875,-2.74975144815343e-06
19.8,-2.84856759751337e-06
19.8125,-2.97756629980699e-06
19.825,-3.13545906383995e-06
19.8375,-3.32076450890238e-06
19.85,-3.53138536274221e-06
19.8625,-3.76514415968081e-06
19.875,-4.01940216117032e-06
19.8875,-4.29135399252596e-06
19.9,-4.5779117528549e-06
19.9125,-4.87569401642114e-06
19.925,-5.18131681438573e-06
19.9375,-5.49101568833753e-06
19.95,-5.80120358881871e-06
19.9625,-6.10816222044008e-06
19.975,-6.40814434343628e-06
19.9875,-6.69759996920752e-06
20,-6.97283299765611e-06
20.0125,-7.2303421623635e-06
20.025,-7.46691375998432e-06
20.0375,-7.67931647355182e-06
20.05,-7.86491335293593e-06
20.0625,-8.02111578654753e-06
20.075,-8.14574220753735e-06
20.0875,-8.23688902027241e-06
20.1,-8.2930317315848e-06
20.1125,-8.31300074051293e-06
20.125,-8.29596480823497e-06
20.1375,-8.24167747707362e-06
20.15,-8.15021737130474e-06
20.1625,-8.02207537592575e-06
20.175,-7.85817843014625e-06
20.1875,-7.65973808745267e-06
20.2,-7.42839821320342e-06
20.2125,-7.16613664287708e-06
20.225,-6.87511133065601e-06
20.2375,-6.55805408771898e-06
20.25,-6.21794495968282e-06
20.2625,-5.85782124943144e-06
20.275,-5.48101385006474e-06
20.2875,-5.09106906962226e-06
20.3,-4.69156330100726e-06
20.3125,-4.28619108349113e-06
20.325,-3.87860400055202e-06
20.3375,-3.47250234432985e-06
20.35,-3.07151329375797e-06
20.3625,-2.67916855461064e-06
20.375,-2.29893102258677e-06
20.3875,-1.93393523942415e-06
20.4,-1.58728918980853e-06
20.4125,-1.26159266120679e-06
20.425,-9.5931203723937e-07
20.4375,-6.82625176128216e-07
20.45,-4.3341463100387e-07
20.4625,-2.13062442322986e-07
20.475,-2.26825832976476e-08
20.4875,1.36970657093447e-07
20.5,2.65515837238222e-07
20.5125,3.63058668315558e-07
20.525,4.30022019163933e-07
20.5375,4.67229545487196e-07
20.55,4.75809773356367e-07
20.5625,4.572854416212e-07
20.575,4.13489232098387e-07
20.5875,3.46581078197173e-07
20.6,2.58968319762723e-07
20.6125,1.53339036687185e-07
20.625,3.25712959561527e-08
20.6375,-1.00291617927937e-07
20.65,-2.42055260698606e-07
20.6625,-3.89418396749305e-07
20.675,-5.3902209820777e-07
20.6875,-6.87471924836849e-07
20.7,-8.31419896104381e-07
20.7125,-9.67551824307575e-07
20.725,-1.09265560632771e-06
20.7375,-1.20368432376686e-06
20.75,-1.2977329939465e-06
20.7625,-1.37214440805322e-06
20.775,-1.42448723641346e-06
20.7875,-1.45263380225719e-06
20.8,-1.45468381346166e-06
20.8125,-1.42904248585187e-06
20.825,-1.37458628056543e-06
20.8375,-1.29047013326477e-06
20.85,-1.17621588622607e-06
20.8625,-1.031739272687e-06
20.875,-8.57307311409645e-07
20.8875,-6.53546121033562e-07
20.9,-4.21497349896727e-07
20.9125,-1.62510581920794e-07
20.925,1.21727006735094e-07
20.9375,4.29163938517938e-07
20.95,7.57602203755348e-07
20.9625,1.10429031246798e-06
20.975,1.46665462978272e-06
20.9875,1.84114019985783e-06
21,2.22432636065821e-06
21.0125,2.61587680347116e-06
21.025,3.00905693483106e-06
21.0375,3.40136181783365e-06
21.05,3.78936270088186e-06
21.0625,4.16974003868128e-06
21.075,4.53919631317259e-06
21.0875,4.89449007374508e-06
21.1,5.23260203808723e-06
21.1125,5.55063778075715e-06
21.125,5.84592571287435e-06
21.1375,6.11612777231037e-06
21.15,6.359054757493e-06
21.1625,6.57285308459113e-06
21.175,6.75603915904309e-06
21.1875,6.9074090944861e-06
21.2,7.02612660268039e-06
21.2125,7.11173115818472e-06
21.225,7.16405848848531e-06
21.2375,7.18338482313483e-06
21.25,7.17032911780758e-06
21.2625,7.12588755216673e-06
21.275,7.05133820248974e-06
21.2875,6.9481860431327e-06
21.3,6.81829418105866e-06
21.3125,6.66384966523079e-06
21.325,6.48736956440319e-06
21.3375,6.29144204546616e-06
21.35,6.07882507897167e-06
21.3625,5.85255346959144e-06
21.375,5.61574577277636e-06
21.3875,5.37151368377579e-06
21.4,5.12310919597122e-06
21.4125,4.87375847373651e-06
21.425,4.62652758752091e-06
21.4375,4.38452721539844e-06
21.45,4.15082692023872e-06
21.4625,3.92828334470023e-06
21.475,3.71954309714827e-06
21.4875,3.52714421009701e-06
21.5,3.35328257824422e-06
21.5125,3.19989258039008e-06
21.525,3.06862296164689e-06
21.5375,2.96098131473584e-06
21.55,2.87797676316365e-06
21.5625,2.82034045837235e-06
21.575,2.78837690245316e-06
21.5875,2.78212737206323e-06
21.6,2.80137544103999e-06
21.6125,2.84541340278762e-06
21.625,2.91323625851979e-06
21.6375,3.00364199671969e-06
21.65,3.1149756411488e-06
21.6625,3.24533674390879e-06
21.675,3.39251525118786e-06
21.6875,3.55415026640667e-06
21.7,3.72771498217195e-06
21.7125,3.91037412171126e-06
21.725,4.09927873145193e-06
21.7375,4.29151728354599e-06
21.75,4.48402329206232e-06
21.7625,4.67371724923461e-06
21.775,4.85747378769864e-06
21.7875,5.03231247179779e-06
21.8,5.19525443976659e-06
21.8125,5.34350395249392e-06
21.825,5.47444624386346e-06
21.8375,5.58560853032332e-06
21.85,5.6747970442191e-06
21.8625,5.73988715348508e-06
21.875,5.77916995606527e-06
21.8875,5.79130349724072e-06
21.9,5.77507154263001e-06
21.9125,5.72956516446468e-06
21.925,5.6542793113743e-06
21.9375,5.54906933104619e-06
21.95,5.41406958011887e-06
21.9625,5.24976234918468e-06
21.975,5.05694842482301e-06
21.9875,4.83681490196842e-06
22,4.59078435583678e-06
22.0125,4.32058365694619e-06
22.025,4.02815093105107e-06
22.0375,3.71572977625164e-06
22.05,3.38570997738495e-06
22.0625,3.04077169631361e-06
22.075,2.68367182495517e-06
22.0875,2.31731576808897e-06
22.1,1.94471208562909e-06
22.1125,1.56881957168264e-06
22.125,1.19275599331695e-06
22.1375,8.19608117461932e-07
22.15,4.52360795198432e-07
22.1625,9.39885072817527e-08
22.175,-2.52732164526731e-07
22.1875,-5.85100477935951e-07
22.2,-9.00766829789749e-07
22.2125,-1.19721681094067e-06
22.225,-1.4729304074462e-06
22.2375,-1.72461650381188e-06
22.25,-1.9520200902645e-06
22.2625,-2.15586205527609e-06
22.275,-2.33214482505518e-06
22.2875,-2.48150553811077e-06
22.3,-2.60337919967289e-06
22.3125,-2.69795466742213e-06
22.325,-2.76557186905665e-06
22.3375,-2.80695828976059e-06
22.35,-2.82311817492202e-06
22.3625,-2.81536298090892e-06
22.375,-2.78524660877811e-06
22.3875,-2.73460498347605e-06
22.4,-2.66547081985317e-06
22.4125,-2.58008083127297e-06
22.425,-2.48088427271119e-06
22.4375,-2.37043870290726e-06
22.45,-2.25147311773487e-06
22.4625,-2.12670204683628e-06
22.475,-1.9989343311622e-06
22.4875,-1.87095409953372e-06
22.5,-1.7456343401789e-06
22.5125,-1.62574954846489e-06
22.525,-1.51388092769678e-06
22.5375,-1.41262281999558e-06
22.55,-1.32419104457972e-06
22.5625,-1.25105821026751e-06
22.575,-1.19440564412503e-06
22.5875,-1.15591544398416e-06
22.6,-1.13986140283857e-06
22.6125,-1.14465210849416e-06
22.625,-1.17171739499492e-06
22.6375,-1.22267190284446e-06
22.65,-1.29798464920122e-06
22.6625,-1.39364731415698e-06
22.675,-1.51377393668392e-06
22.6875,-1.65652333697314e-06
22.7,-1.8212115704031e-06
22.7125,-2.00669499173224e-06
22.725,-2.21141612349585e-06
22.7375,-2.43373049075067e-06
22.75,-2.67174875860708e-06
22.7625,-2.92323858504808e-06
22.775,-3.18594760292788e-06
22.7875,-3.45733089690242e-06
22.8,-3.73487251099726e-06
22.8125,-4.01595884694922e-06
22.825,-4.29769691274161e-06
22.8375,-4.57739514316799e-06
22.85,-4.85229152881049e-06
22.8625,-5.11958233301195e-06
22.875,-5.37660001211143e-06
22.8875,-5.62068806262858e-06
22.9,-5.84933138642174e-06
22.9125,-6.06025216019191e-06
22.925,-6.2512821639355e-06
22.9375,-6.42056494361141e-06
22.95,-6.56635192699647e-06
22.9625,-6.68721278266586e-06
22.975,-6.78191730614847e-06
22.9875,-6.8495008647342e-06
23,-6.88938677963767e-06
23.0125,-6.90127739205744e-06
23.025,-6.88507015243836e-06
23.0375,-6.84107168082811e-06
23.05,-6.76984950218337e-06
23.0625,-6.67230032630538e-06
23.075,-6.54952221979467e-06
23.0875,-6.40289989572668e-06
23.1,-6.23412720699165e-06
23.1125,-6.04503079392173e-06
23.125,-5.83769863837093e-06
23.1375,-5.61440095727332e-06
23.15,-5.37746763926462e-06
23.1625,-5.12949844684669e-06
23.175,-4.87309623583947e-06
23.1875,-4.61096920495102e-06
23.2,-4.34581148915163e-06
23.2125,-4.08029182134747e-06
23.225,-3.81712576076544e-06
23.2375,-3.55886194488018e-06
23.25,-3.30803124664154e-06
23.2625,-3.06691281733652e-06
23.275,-2.83778428690448e-06
23.2875,-2.62274303543952e-06
23.3,-2.42361040662068e-06
23.3125,-2.24207810454876e-06
23.325,-2.07942866979633e-06
23.3375,-1.93679356390427e-06
23.35,-1.81500424138476e-06
23.3625,-1.71459628391648e-06
23.375,-1.63592560774096e-06
23.3875,-1.5789355076922e-06
23.4,-1.543339055147e-06
23.4125,-1.52858781909415e-06
23.425,-1.53387683034975e-06
23.4375,-1.55810038241335e-06
23.45,-1.59997243774259e-06
23.4625,-1.65795557598161e-06
23.475,-1.73024283441848e-06
23.4875,-1.81489752381713e-06
23.5,-1.90981880212691e-06
23.5125,-2.01274962287209e-06
23.525,-2.12129856528959e-06
23.5375,-2.23312352106163e-06
23.55,-2.34572968442584e-06
23.5625,-2.45663012307652e-06
23.575,-2.5632936252499e-06
23.5875,-2.66330421351259e-06
23.6,-2.75429682527992e-06
23.6125,-2.83397001539718e-06
23.625,-2.90019227678275e-06
23.6375,-2.95098743760093e-06
23.65,-2.98454623038467e-06
23.6625,-2.99924854335109e-06
23.675,-2.99367142778096e-06
23.6875,-2.96667755136554e-06
23.7,-2.91735225020017e-06
23.7125,-2.84503519250082e-06
23.725,-2.74933866604468e-06
23.7375,-2.63016761382228e-06
23.75,-2.48769817859618e-06
23.7625,-2.32237998015392e-06
23.775,-2.13493871440067e-06
23.7875,-1.92636799010002e-06
23.8,-1.69786557025764e-06
23.8125,-1.45097341932502e-06
23.825,-1.18731090180132e-06
23.8375,-9.08682370763488e-07
23.85,-6.1724666117807e-07
23.8625,-3.15189555086333e-07
23.875,-4.8763770558634e-09
23.8875,3.11269136382799e-07
23.9,6.30742610842852e-07
23.9125,9.51016970042093e-07
23.925,1.26953158767517e-06
23.9375,1.58373847899745e-06
23.95,1.89142471310999e-06
23.9625,2.18982423972438e-06
23.975,2.47660534403798e-06
23.9875,2.74969464183965e-06
24,3.00711762011123e-06
24.0125,3.24704535995389e-06
24.025,3.467841790414e-06
24.0375,3.66809968416603e-06
24.05,3.84662071840386e-06
24.0625,4.0024875150764e-06
24.075,4.13499095705282e-06
24.0875,4.24369006555754e-06
24.1,4.32846254947302e-06
24.1125,4.38940138045876e-06
24.125,4.42690246780933e-06
24.1375,4.44163221069556e-06
24.15,4.4343961939193e-06
24.1625,4.40626887207897e-06
24.175,4.35859046707249e-06
24.1875,4.29300129981526e-06
24.2,4.21120018155718e-06
24.2125,4.11505695607882e-06
24.225,4.00659644431689e-06
24.2375,3.88796603123338e-06
24.25,3.76136438915179e-06
24.2625,3.6291516370244e-06
24.275,3.49362912527216e-06
24.2875,3.35710244721816e-06
24.3,3.22195003429365e-06
24.3125,3.0904261293216e-06
24.325,2.96471163299456e-06
24.3375,2.84691685879589e-06
24.35,2.73900492514513e-06
24.3625,2.64280147119721e-06
24.375,2.55989099821999e-06
24.3875,2.49181522211384e-06
24.4,2.43978400268638e-06
24.4125,2.4048029998309e-06
24.425,2.38762224425745e-06
24.4375,2.38881819793785e-06
24.45,2.40860457784564e-06
24.4625,2.44703449506175e-06
24.475,2.50392257042046e-06
24.4875,2.57878702837431e-06
24.5,2.67096750527719e-06
24.5125,2.77947789618193e-06
24.525,2.90316605416735e-06
24.5375,3.04065260750414e-06
24.55,3.19030201203971e-06
24.5625,3.3503881924689e-06
24.575,3.51896955120863e-06
24.5875,3.69402308680608e-06
24.6,3.87342435898288e-06
24.6125,4.05497971063283e-06
24.625,4.23637602071196e-06
24.6375,4.41532861004841e-06
24.65,4.58950793889743e-06
24.6625,4.75673547653648e-06
24.675,4.91482800577357e-06
24.6875,5.06162995925126e-06
24.7,5.19520189745198e-06
24.7125,5.31360626127201e-06
24.725,5.41522332027996e-06
24.7375,5.49845995877293e-06
24.75,5.56195472825051e-06
24.7625,5.6046065996724e-06
24.775,5.62556174592207e-06
24.7875,5.62406136094266e-06
24.8,5.59975241141728e-06
24.8125,5.55246924797392e-06
24.825,5.48219373260229e-06
24.8375,5.38924583130518e-06
24.85,5.27418811797326e-06
24.8625,5.13777502178151e-06
24.875,4.98102842510191e-06
24.8875,4.8051624892924e-06
24.9,4.6116258892507e-06
24.9125,4.40203032693516e-06
24.925,4.17811316506354e-06
24.9375,3.94170840006756e-06
24.95,3.69491850327363e-06
24.9625,3.43987767945509e-06
24.975,3.17875998626085e-06
24.9875,2.91379144278516e-06
25,2.64727665876122e-06
25.0125,2.38146315591084e-06
25.025,2.11853405748378e-06
25.0375,1.86067186553334e-06
25.05,1.60999486036544e-06
25.0625,1.36850056747652e-06
25.075,1.13796700638578e-06
25.0875,9.2008125941528e-07
25.1,7.16371323469955e-07
25.1125,5.28217385163927e-07
25.125,3.56755416816198e-07
25.1375,2.02940203236981e-07
25.15,6.74365580683771e-08
25.1625,-4.93101028152634e-08
25.175,-1.47030514681065e-07
25.1875,-2.2575450228199e-07
25.2,-2.85723928535402e-07
25.2125,-3.27395180189496e-07
25.225,-3.51449623741441e-07
25.2375,-3.58807257477016e-07
25.25,-3.50587205664588e-07
25.2625,-3.28089125817839e-07
25.275,-2.92766965004951e-07
25.2875,-2.46267050868718e-07
25.3,-1.90358565735384e-07
25.3125,-1.26904249562097e-07
25.325,-5.78595269378618e-08
25.3375,1.47523105505921e-08
25.35,8.88809117110435e-08
25.3625,1.62458876270977e-07
25.375,2.33429890715147e-07
25.3875,2.99782342089297e-07
25.4,3.59566934778164e-07
25.4125,4.10926598625771e-07
25.425,4.52113849173092e-07
25.4375,4.81488344285823e-07
25.45,4.97599621591126e-07
25.4625,4.99125442490727e-07
25.475,4.84994480551691e-07
25.4875,4.54269001607814e-07
25.5,4.06245545987057e-07
25.5125,3.40442502771176e-07
25.525,2.56588832000959e-07
25.5375,1.54620115555669e-07
25.55,3.47776065541636e-08
25.5625,-1.02574125341221e-07
25.575,-2.56801418858569e-07
25.5875,-4.27060591768851e-07
25.6,-6.12263822244807e-07
25.6125,-8.11217168018402e-07
25.625,-1.02246258747293e-06
25.6375,-1.2445319440811e-06
25.65,-1.47665500155386e-06
25.6625,-1.71419374402526e-06
25.675,-1.95754216991783e-06
25.6875,-2.20442957374922e-06
25.7,-2.45256528627887e-06
25.7125,-2.69994386688287e-06
25.725,-2.9443771044582e-06
25.7375,-3.18379791829078e-06
25.75,-3.41619659574238e-06
25.7625,-3.63957836771725e-06
25.775,-3.85207340073337e-06
25.7875,-4.05200312771235e-06
25.8,-4.2377218274935e-06
25.8125,-4.40767494399601e-06
25.825,-4.56057554760913e-06
25.8375,-4.69528129886359e-06
25.85,-4.81088409526564e-06
25.8625,-4.90661478486389e-06
25.875,-4.98200920935746e-06
25.8875,-5.03675589804312e-06
25.9,-5.0707186496964e-06
25.9125,-5.08404307484039e-06
25.925,-5.07708466092054e-06
25.9375,-5.05045335702285e-06
25.95,-5.00489906952541e-06
25.9625,-4.94144425934466e-06
25.975,-4.86125628663442e-06
25.9875,-4.76560746949598e-06
26,-4.65599644334697e-06
26.0125,-4.53403380150254e-06
26.025,-4.40142812235772e-06
26.0375,-4.26006793275524e-06
26.05,-4.11182308664235e-06
26.0625,-3.95865641448132e-06
26.075,-3.8025867524473e-06
26.0875,-3.64556260092126e-06
26.1,-3.48946677488338e-06
26.1125,-3.33626992172074e-06
26.125,-3.18777228343892e-06
26.1375,-3.04572268825834e-06
26.15,-2.91170545538166e-06
26.1625,-2.78725856798498e-06
26.175,-2.67377638781717e-06
26.1875,-2.57245958100529e-06
26.2,-2.48427699045343e-06
26.2125,-2.41011715568714e-06
26.225,-2.35051623737114e-06
26.2375,-2.30598341140243e-06
26.25,-2.27673139331799e-06
26.2625,-2.26283117476527e-06
26.275,-2.26410766536382e-06
26.2875,-2.28004492082938e-06
26.3,-2.31005659323261e-06
26.3125,-2.35344416735249e-06
26.325,-2.40922562572517e-06
26.3375,-2.4761892569155e-06
26.35,-2.55304132984628e-06
26.3625,-2.63837757453987e-06
26.375,-2.73065897038449e-06
26.3875,-2.82823851050066e-06
26.4,-2.929319000363e-06
26.4125,-3.03215641839106e-06
26.425,-3.13493547626167e-06
26.4375,-3.23579298879828e-06
26.45,-3.33288913458497e-06
26.4625,-3.42439110678931e-06
26.475,-3.50841857462894e-06
26.4875,-3.58332868777005e-06
26.5,-3.64758717128697e-06
26.5125,-3.69966885002845e-06
26.525,-3.7382249696129e-06
26.5375,-3.76200626312277e-06
26.55,-3.7699577700319e-06
26.5625,-3.76118020418447e-06
26.575,-3.73496521099476e-06
26.5875,-3.69080901828857e-06
26.6,-3.62841905712052e-06
26.6125,-3.5476701657371e-06
26.625,-3.44866568959747e-06
26.6375,-3.33171764664173e-06
26.65,-3.1973266211503e-06
26.6625,-3.04615087327062e-06
26.675,-2.87908793463555e-06
26.6875,-2.69720592079522e-06
26.7,-2.50173158908258e-06
26.7125,-2.29400066160073e-06
26.725,-2.0755356115315e-06
26.7375,-1.84796989374821e-06
26.75,-1.61300515296876e-06
26.7625,-1.37243608787904e-06
26.775,-1.12812847252404e-06
26.7875,-8.8198258776804e-07
26.8,-6.35864823382187e-07
26.8125,-3.91643163997264e-07
26.825,-1.51173676336767e-07
26.8375,8.37497523182543e-08
26.85,3.11401528661209e-07
26.8625,5.30175403442787e-07
26.875,7.38477866660042e-07
26.8875,9.35087201147598e-07
26.9,1.11841673597608e-06
26.9125,1.28856281325896e-06
26.925,1.44300716696585e-06
26.9375,1.58093181630535e-06
26.95,1.70307765905746e-06
26.9625,1.8084280606533e-06
26.975,1.89703524692522e-06
26.9875,1.968815772908e-06
27,2.02403194353812e-06
27.0125,2.06307477821524e-06
27.025,2.0865521613462e-06
27.0375,2.09524069532545e-06
27.05,2.09005904154083e-06
27.0625,2.07209580181754e-06
27.075,2.04259661187627e-06
27.0875,2.00292780073194e-06
27.1,1.95454091161278e-06
27.1125,1.89902102010833e-06
27.125,1.83798240829818e-06
27.1375,1.77310539702712e-06
27.15,1.70606111964782e-06
27.1625,1.63850925186629e-06
27.175,1.57219377920877e-06
27.1875,1.50874504962256e-06
27.2,1.44982018447944e-06
27.2125,1.39693898690938e-06
27.225,1.35156455758309e-06
27.2375,1.31501093298698e-06
27.25,1.28845219574326e-06
27.2625,1.27297923821194e-06
27.275,1.26949490518433e-06
27.2875,1.27876932549749e-06
27.3,1.30140407613523e-06
27.3125,1.3377465619662e-06
27.325,1.38805241084236e-06
27.3375,1.4523370746189e-06
27.35,1.53042481236066e-06
27.3625,1.62198457092119e-06
27.375,1.72652864056268e-06
27.3875,1.84335853253508e-06
27.4,1.97152861442679e-06
27.4125,2.11006117667465e-06
27.425,2.25777093577796e-06
27.4375,2.41328548905492e-06
27.45,2.57527628900229e-06
27.4625,2.74224573574516e-06
27.475,2.91259231879706e-06
27.4875,3.08465750927143e-06
27.5,3.25677143273667e-06
27.5125,3.42719573373081e-06
27.525,3.59420157365144e-06
27.5375,3.75614670677091e-06
27.55,3.91137151791586e-06
27.5625,4.05823329832992e-06
27.575,4.19528211786189e-06
27.5875,4.3210982696298e-06
27.6,4.43433144796151e-06
27.6125,4.53384502804346e-06
27.625,4.61858144705396e-06
27.6375,4.68763041591361e-06
27.65,4.7403517027586e-06
27.6625,4.77610623249341e-06
27.675,4.7946280948459e-06
27.6875,4.79569783156427e-06
27.7,4.77931370116983e-06
27.7125,4.74556319154223e-06
27.725,4.69484890847447e-06
27.7375,4.62775854213999e-06
27.75,4.54492588090905e-06
27.7625,4.44726327676997e-06
27.775,4.33580236220562e-06
27.7875,4.21164497393547e-06
27.8,4.07602271090934e-06
27.8125,3.93035564717775e-06
27.825,3.77609876780607e-06
27.8375,3.6147827571597e-06
27.85,3.44796475497182e-06
27.8625,3.27731170456365e-06
27.875,3.10445701291588e-06
27.8875,2.93115981905812e-06
27.9,2.75894244731926e-06
27.9125,2.58941878317733e-06
27.925,2.42420569209336e-06
27.9375,2.26475081170197e-06
27.95,2.11235576595195e-06
27.9625,1.9683022373891e-06
27.975,1.83370140310303e-06
27.9875,1.70955495940895e-06
28,1.59670450212155e-06
28.0125,1.49582104010965e-06
28.025,1.40747571222512e-06
28.0375,1.33203729594326e-06
28.05,1.26978525783875e-06
28.0625,1.22069422529098e-06
28.075,1.18459150786846e-06
28.0875,1.16115099855233e-06
28.1,1.14987614741609e-06
28.1125,1.15008116439675e-06
28.125,1.16097667228721e-06
28.1375,1.18165454244532e-06
28.15,1.2110193521317e-06
28.1625,1.24790605722446e-06
28.175,1.29100476884656e-06
28.1875,1.338963066059e-06
28.2,1.39034837402887e-06
28.2125,1.44365636831126e-06
28.225,1.49740092043343e-06
28.2375,1.55003613804883e-06
28.25,1.60004884053117e-06
28.2625,1.64597700270121e-06
28.275,1.68637739180674e-06
28.2875,1.71986013763813e-06
28.3,1.7451253903993e-06
28.3125,1.7609736060621e-06
28.325,1.76630670516514e-06
28.3375,1.76015755867819e-06
28.35,1.74168686283454e-06
28.3625,1.7101969981778e-06
28.375,1.66514690520217e-06
28.3875,1.60615073917805e-06
28.4,1.5330151148819e-06
28.4125,1.44568721319039e-06
28.425,1.34427512181136e-06
28.4375,1.22907141202904e-06
28.45,1.10052907176836e-06
28.4625,9.59271300948596e-07
28.475,8.06007656666003e-07
28.4875,6.41687008951342e-07
28.5,4.67396767100891e-07
28.5125,2.84220150018248e-07
28.525,9.34353694378692e-08
28.5375,-1.03632060810928e-07
28.55,-3.05541026013621e-07
28.5625,-5.10801892232645e-07
28.575,-7.17895374617223e-07
28.5875,-9.25229063938204e-07
28.6,-1.13131551202618e-06
28.6125,-1.33453795888248e-06
28.625,-1.53320236074345e-06
28.6375,-1.72617498858555e-06
28.65,-1.91191169551836e-06
28.6625,-2.08906337283172e-06
28.675,-2.25641077277262e-06
28.6875,-2.41280160610285e-06
28.7,-2.55724321507147e-06
28.7125,-2.68883944698782e-06
28.725,-2.80684483718358e-06
28.7375,-2.91071098746219e-06
28.75,-2.99999591464284e-06
28.7625,-3.07444459503351e-06
28.775,-3.13390589186762e-06
28.7875,-3.17847193843087e-06
28.8,-3.20838636544378e-06
28.8125,-3.22396139085985e-06
28.825,-3.22576767784437e-06
28.8375,-3.21451591752359e-06
28.85,-3.19094292316099e-06
28.8625,-3.15602459189226e-06
28.875,-3.11084615248424e-06
28.8875,-3.05649127229168e-06
28.9,-2.99427827601902e-06
28.9125,-2.92552638157879e-06
28.925,-2.85157943091932e-06
28.9375,-2.77385710768734e-06
28.95,-2.69373516205756e-06
28.9625,-2.61267203520267e-06
28.975,-2.53212198728887e-06
28.9875,-2.45346512432429e-06
29,-2.37799555100433e-06
29.0125,-2.30702115978839e-06
29.025,-2.2417269246688e-06
29.0375,-2.18323410956849e-06
29.05,-2.13254379269657e-06
29.0625,-2.09051830305441e-06
29.075,-2.05791640878956e-06
29.0875,-2.03534598906253e-06
29.1,-2.02332507619874e-06
29.1125,-2.02212318664417e-06
29.125,-2.03192276081342e-06
29.1375,-2.05271367446357e-06
29.15,-2.08443672772025e-06
29.1625,-2.12677721908208e-06
29.175,-2.17923376951128e-06
29.1875,-2.24125864544483e-06
29.2,-2.31214768374225e-06
29.2125,-2.3910575115411e-06
29.225,-2.47708022348579e-06
29.2375,-2.56908582545622e-06
29.25,-2.66589311406821e-06
29.2625,-2.76633090004893e-06
29.275,-2.8691226299364e-06
29.2875,-2.97284221001863e-06
29.3,-3.07618853066371e-06
29.3125,-3.1777800520862e-06
29.325,-3.27621354459631e-06
29.3375,-3.37012410919437e-06
29.35,-3.45822808403742e-06
29.3625,-3.5392074690718e-06
29.375,-3.6118299290044e-06
29.3875,-3.67496581378816e-06
29.4,-3.7275762765857e-06
29.4125,-3.7687416283793e-06
29.425,-3.79762918785846e-06
29.4375,-3.81355771425613e-06
29.45,-3.81599184161547e-06
29.4625,-3.80458034347146e-06
29.475,-3.7790122466192e-06
29.4875,-3.7391881286908e-06
29.5,-3.68514501388048e-06
29.5125,-3.61702811146671e-06
29.525,-3.53518726609871e-06
29.5375,-3.44012591517734e-06
29.55,-3.33248713729019e-06
29.5625,-3.21299861175625e-06
29.575,-3.08253216013643e-06
29.5875,-2.94203980102834e-06
29.6,-2.79263504074962e-06
29.6125,-2.63552116588175e-06
29.625,-2.47193955882893e-06
29.6375,-2.3031849313704e-06
29.65,-2.13064034565469e-06
29.6625,-1.95571931717773e-06
29.675,-1.77976584994217e-06
29.6875,-1.60414829479066e-06
29.7,-1.43026082580091e-06
29.7125,-1.25944037314031e-06
29.725,-1.09296145826413e-06
29.7375,-9.31975619351284e-07
29.75,-7.77647411153949e-07
29.7625,-6.31050370213961e-07
29.775,-4.93107431591592e-07
29.7875,-3.64641928822552e-07
29.8,-2.46351455810457e-07
29.8125,-1.38819867723269e-07
29.825,-4.24746371086504e-08
29.8375,4.24127432896873e-08
29.85,1.15707832352742e-07
29.8625,1.77388365477546e-07
29.875,2.27593129915888e-07
29.8875,2.66581986956781e-07
29.9,2.94812151204809e-07
29.9125,3.12775238992745e-07
29.925,3.2122463533334e-07
29.9375,3.20864556971754e-07
29.95,3.12463139575292e-07
29.9625,2.97422929388307e-07
29.975,2.76116023414565e-07
29.9875,2.71405728340067e-07
