f,C_mag,C_phase
0.0001,-1.67947429999385,-100.073339426792
0.000101861017015598,-1.52298857607096,-99.9417226370336
0.000103756667874519,-1.36637722535782,-99.8133155392364
0.00010568759711848,-1.20964476965731,-99.6880833745405
0.000107654461284232,-1.05279558713453,-99.5659920018934
0.000109657929126781,-0.895833916832188,-99.4470079094322
0.000111698681846782,-0.738763863092862,-99.3310982249743
0.000113777413322149,-0.581589399887999,-99.2182307256726
0.000115894830343981,-0.424314375053569,-99.1083738468786
0.000118051652856881,-0.266942514432632,-99.001496690266
0.000120248614203741,-0.10947742592556,-98.8975690312531
0.000122486461375093,0.0480773965517126,-98.7965613257775
0.000124765955263087,0.20571856920037,-98.6984447164489
0.000127087870920206,0.363442814561356,-98.6031910381371
0.000129452997822792,0.521246957826728,-98.5107728230195
0.000131862140139475,0.67912792323859,-98.4211633051322
0.000134316117004602,0.837082730574035,-98.3343364244574
0.000136815762796747,0.995108491714594,-98.2502668305779
0.000139361927422414,1.15320240729872,-98.1689298859353
0.00014195547660501,1.31136176345538,-98.0903016687184
0.000144597292179202,1.46958392861716,-98.014358975414
0.00014728827239075,1.62786635041101,-97.9410793230406
0.000150029332201922,1.78620655262465,-97.8704409511037
0.000152821403602587,1.94460213224682,-97.8024228232844
0.000155665435927106,2.10305075657928,-97.7370046288937
0.000158562396177114,2.26155016041864,-97.674166784115
0.000161513269350309,2.42009814330588,-97.6138904330463
0.000164519058775366,2.57869256684158,-97.5561574485812
0.000167580786453077,2.73733135206465,-97.5009504331268
0.000170699493403841,2.89601247689261,-97.4482527191931
0.000173876240021625,3.05473397362116,-97.3980483698642
0.000177112106434509,3.21349392648099,-97.3503221791673
0.000180408192871938,3.37229046924965,-97.3050596723592
0.000183765620038817,3.53112178291646,-97.2622471061411
0.000187185529496558,3.68998609339821,-97.221871468817
0.000190669084051225,3.84888166930347,-97.1839204804096
0.000194217468148903,4.00780681974364,-97.1483825927471
0.000197831888278416,4.16675989218831,-97.1152469895254
0.000201513573381556,4.32573927036312,-97.0845035863698
0.000205263775270925,4.48474337218769,-97.0561430308938
0.000209083769055575,4.64377064775179,-97.0301567027695
0.000212974853574552,4.80281957732762,-97.006536713822
0.000216938351838518,4.96188866941596,-96.9852759081508
0.00022097561147959,5.12097645882434,-96.9663678622875
0.000225088005209546,5.28008150477504,-96.9498068854007
0.000229276931286565,5.43920238904093,-96.9355880195498
0.000233543813990648,5.59833771410706,-96.923707039994
0.000237890104107889,5.75748610135609,-96.9141604555718
0.00024231727942376,5.91664618927546,-96.9069455091374
0.000246826845225569,6.07581663168421,-96.9020601780808
0.00025142033481428,6.23499609597774,-96.8995031749183
0.000256099310025846,6.39418326138819,-96.8992739479667
0.000260865361762255,6.55337681725865,-96.9013726820995
0.00026572011053245,6.71257546132925,-96.9058002995944
0.000270665207003324,6.87177789803304,-96.9125584610659
0.000275702332560958,7.03098283679973,-96.9216495664934
0.000280833199882317,7.19018899036551,-96.9330767563396
0.000286059553517574,7.34939507308663,-96.9468439127669
0.000291383170483279,7.50859979925527,-96.9629556609458
0.00029680586086656,7.66780188141525,-96.9814173704631
0.000302329468440578,7.82700002867607,-97.0022351568218
0.000307955871291423,7.98619294502301,-97.025415883041
0.000313686982456688,8.14537932762155,-97.0509671613452
0.000319524750575921,8.304557865114,-97.0788973549542
0.000325471160553185,8.46372723590663,-97.1092155799557
0.000331528234231943,8.62288610644496,-97.1419317072782
0.000337698031082509,8.78203312947566,-97.1770563647403
0.000343982648902292,8.94116694229283,-97.2146009391928
0.000350384224529068,9.10028616496683,-97.2545775787372
0.000356904934567523,9.25938939855356,-97.2969991950215
0.000363546996129332,9.4184752232823,-97.3418794656105
0.000370312667586993,9.57754219672013,-97.389232836421
0.0003772042493417,9.73658885191093,-97.4390745242217
0.000384224084605506,9.89561369548685,-97.491420519188
0.000391374560198038,10.0546152057504,-97.5462875875073
0.000398658107358044,10.213591830725,-97.6036932740285
0.000406077202570037,10.3725419861722,-97.663655904943
0.000413634368406327,10.5314640535731,-97.7261945904999
0.000421332174384729,10.6903563780726,-97.7913292277311
0.000429173237842216,10.8492172663836,-97.8590805031935
0.000437160224824851,11.0080449846499,-97.9294698957041
0.000445295850994265,11.1668377562655,-98.0025196790671
0.000453582882551019,11.3255937596475,-98.0782529247764
0.000462024137175131,11.4843111259622,-98.1566935046814
0.000470622484984128,11.6429879368004,-98.2378660936062
0.000479380849508911,11.8016222218016,-98.3217961719029
0.000488302208687788,11.9602119562235,-98.4085100279336
0.000497389595879006,12.1187550584567,-98.4980347604503
0.000506646100892127,12.2772493874798,-98.5903982808754
0.000516074871038591,12.4356927402561,-98.685629315447
0.000525679112201842,12.5940828490676,-98.7837574072233
0.000535462089927361,12.7524173787847,-98.8848129179188
0.000545427130532983,12.9106939240713,-98.9888270295586
0.000555577622239888,13.0689100065207,-99.0958317459206
0.000565917016324624,13.2270630717231,-99.2058598937501
0.000576448828292588,13.3851504862609,-99.3189451237188
0.000587176639073325,13.5431695346316,-99.435121911104
0.000598104096238094,13.7011174160949,-99.5544255561599
0.000609234915240071,13.8589912414445,-99.6768921841551
0.00062057288067765,14.0167880297011,-99.8025587450463
0.000632121847581245,14.1745047047259,-99.9314630127536
0.000643885742724042,14.3321380917544,-100.063643584011
0.000655868565957143,14.4896849138466,-100.199139876755
0.000668074391569561,14.6471417882553,-100.337992128013
0.000680507369673521,14.8045052227099,-100.480241391259
0.000693171727615541,14.9617716116153,-100.625929533202
0.000706071771413777,15.118937232165,-100.775099229945
0.000719211887222118,15.2759982403684,-100.927793962504
0.000732596542821523,15.4329506669922,-101.084058011618
0.000746230289139111,15.5897904134146,-101.243936451814
0.000760117761795533,15.746513247394,-101.407475144678
0.000774263682681127,15.9031147987517,-101.574720731283
0.000788672861561415,16.0595905549701,-101.745720623719
0.000803350197712473,16.2159358567066,-101.920522995675
0.000818300681586739,16.3721458932253,-102.09917677202
0.000833529396509819,16.5282156977476,-102.28173161731
0.000849041520408874,16.6841401427251,-102.468237923189
0.000864842327573172,16.8399139350355,-102.658746794594
0.000880937190447399,16.9955316111063,-102.853310034723
0.000897331581458352,17.1509875319685,-103.051980128679
0.000914031074875623,17.3062758782455,-103.254810225749
0.000931041348706907,17.4613906450806,-103.461854120228
0.000948368186628592,17.6163256370093,-103.673166230721
0.000966017479952264,17.771074462781,-103.888801577869
0.000983995229627823,17.9256305301388,-104.108815760389
0.00100230754828387,18.079987040561,-104.333264929398
0.00102096066230605,18.2341369839767,-104.5622057609
0.00103996091395412,18.3880731334602,-104.795695426397
0.00105931476351837,18.5417880399161,-105.03379156152
0.00107902879151618,18.6952740267656,-105.276552232606
0.0010991097009295,18.8485231846434,-105.524035901155
0.00111956431948388,19.0015273661207,-105.776301386067
0.00114039960197003,19.154278180465,-106.033407823595
0.0011616226326085,19.3067669884523,-106.295414624927
0.00118324062745838,19.4589848972476,-106.562381431326
0.00120526093687084,19.6109227553703,-106.834368066733
0.00122769104798836,19.7625711477622,-107.111434487789
0.00125053858729039,19.9139203909771,-107.393640731168
0.00127381132318648,20.0649605285137,-107.681046858177
0.00129751716865759,20.215681326313,-107.973712896539
0.00132166418394661,20.3660722684423,-108.271698779309
0.00134626057929891,20.5161225529931,-108.57506428085
0.00137131471775394,20.6658210882161,-108.883868949832
0.00139683511798874,20.8151564889231,-109.198172039184
0.00142283045721435,20.9641170731827,-109.518032432986
0.00144930957412622,21.1126908593421,-109.843508570246
0.00147628147190939,21.2608655634055,-110.174658365546
0.00150375532129974,21.4086285968032,-110.51153912654
0.00153174046370208,21.555967064585,-110.854207468302
0.00156024641436637,21.7028677640761,-111.202719224529
0.00158928286562298,21.8493171840304,-111.55712935562
0.0016188596901782,21.9953015043215,-111.91749185366
0.00164898694447106,22.1408065962117,-112.283859644361
0.00167967487209265,22.2858180232379,-112.656284486023
0.00171093390726901,22.4303210427597,-113.034816865595
0.00174277467840892,22.5743006082091,-113.419505891934
0.00177520801171763,22.7177413720889,-113.810399186383
0.00180824493487795,22.8606276897614,-114.207542770804
0.00184189668079971,23.0029436240735,-114.610980953228
0.00187617469143912,23.1446729508635,-115.020756211303
0.00191109062168914,23.2857991653925,-115.436909073751
0.00194665634334226,23.4263054897475,-115.859478000062
0.00198288394912707,23.5661748812583,-116.288499258684
0.00201978575681988,23.7053900419723,-116.724006803984
0.00205737431343291,23.8439334292291,-117.166032152309
0.00209566239948043,23.9817872673748,-117.614604257463
0.00213466303332424,24.1189335606558,-118.06974938598
0.00217438947560008,24.2553541073272,-118.531490992586
0.00221485523372636,24.3910305150099,-118.999849596255
0.00225607406649686,24.5259442173272,-119.474842657336
0.00229805998875885,24.6600764918478,-119.956484456204
0.00234082727617829,24.7934084793579,-120.444785973945
0.00238439047009372,24.9259212044813,-120.939754775611
0.00242876438246045,25.0575955976611,-121.441394896583
0.00247396410088681,25.1884125185114,-121.949706732632
0.00252000499376409,25.3183527805407,-122.464686934258
0.00256690271549195,25.4473971772446,-122.986328305936
0.00261467321180109,25.5755265095555,-123.514619710876
0.00266333272517498,25.7027216146326,-124.049545981965
0.00271289780037247,25.8289633959668,-124.591087839515
0.00276338529005317,25.9542328547663,-125.139221816482
0.00281481236050758,26.0785111225835,-125.693920191813
0.00286719649749377,26.2017794951301,-126.255150932567
0.00292055551218275,26.3240194672243,-126.822877645457
0.00297490754721444,26.4452127688022,-127.397059538432
0.0030302710828664,26.5653414019143,-127.977651392926
0.00308666494333727,26.6843876786251,-128.564603547341
0.00314410830314726,26.8023342597183,-129.15786189233
0.00320262069365765,26.9191641941058,-129.757367878398
0.00326222200971167,27.0348609588281,-130.363058536293
0.00332293251639897,27.1494084995256,-130.974866510613
0.00338477285594598,27.2627912712542,-131.592720107022
0.00344776405473446,27.374994279508,-132.216543353354
0.00351192753045073,27.4860031213089,-132.846256074903
0.00357728509936787,27.5958040262148,-133.481773984029
0.00364385898376354,27.7043838970932,-134.123008784218
0.00371167181947576,27.8117303505036,-134.769868288611
0.00378074666359935,27.9178317565281,-135.422256552935
0.00385110700232557,28.0226772778878,-136.080074022697
0.00392277675892772,28.1262569081816,-136.743217694416
0.00399578030189527,28.228561509084,-137.411581290545
0.00407014245321944,28.3295828463402,-138.085055447687
0.00414588849683291,28.4293136243986,-138.763527917578
0.00422304418720667,28.5277475195264,-139.446883780249
0.00430163575810679,28.6248792112569,-140.135005668667
0.00438168993151419,28.7207044120268,-140.827774004083
0.00446323392671039,28.8152198948648,-141.525067241217
0.0045462954695324,28.9084235190079,-142.22676212234
0.00463090280179974,29.0003142533251,-142.932733939249
0.00471708469091702,29.0908921974454,-143.64285680203
0.00480487043965513,29.1801586004947,-144.357003913482
0.00489428989611453,29.268115877361,-145.075047847992
0.00498537346387389,29.3547676224207,-145.79686083362
0.00507815211232767,29.4401186206732,-146.522315036115
0.00517265738721602,29.5241748562438,-147.251282843551
0.00526892142135067,29.6069435182339,-147.983637150252
0.00536697694554047,29.6884330039071,-148.719251638679
0.00546685729972018,29.7686529192198,-149.458001057942
0.00556859644428641,29.8476140767174,-150.199761497616
0.00567222897164454,29.9253284908311,-150.944410655549
0.0057777901179705,30.0018093706267,-151.691828098419
0.00588531577519145,30.0770711100687,-152.441895513773
0.00599484250318941,30.1511292758756,-153.194496952397
0.00610640754223204,30.224000593055,-153.949519059873
0.00622004882563471,30.2957029282185,-154.706851296258
0.00633580499265825,30.366255270783,-155.466386142911
0.0064537154016467,30.4356777121783,-156.228019295532
0.00657382014340959,30.503991423185,-156.991649842587
0.00669616005485322,30.5712186295332,-157.757180428362
0.00682077673286568,30.6373825858984,-158.52451740001
0.00694771254846024,30.7025075484334,-159.293570937981
0.00707701066118189,30.7666187459778,-160.064255169396
0.00720871503378214,30.8297423500868,-160.836488263963
0.00734287044716676,30.8919054440206,-161.610192512152
0.00747952251562182,30.9531359908346,-162.385294385437
0.00761871770232299,31.0134628007064,-163.161724578486
0.00776050333513357,31.0729154976328,-163.93941803331
0.00790492762269642,31.1315244856234,-164.718313945413
0.00805203967082547,31.189320914513,-165.498355752122
0.0082018894992022,31.2463366455064,-166.279491103318
0.00835452805838287,31.3026042165623,-167.061671814879
0.00851000724712224,31.3581568077147,-167.84485380522
0.00866837993001978,31.4130282064209,-168.628997015378
0.00882969995549409,31.4672527730167,-169.414065313141
0.00899402217409204,31.5208654063474,-170.200026381796
0.00916140245713852,31.5739015096375,-170.986851594118
0.00933189771573324,31.6263969566472,-171.774515872255
0.00950556592010119,31.6783880581582,-172.562997534218
0.00968246611930312,31.7299115288177,-173.352278127738
0.00986265846131282,31.7810044543632,-174.142342252257
0.0100462042134681,31.8317042592392,-174.933177369866
0.0102331657833024,31.8820486746077,-175.724773606036
0.010423606739764,31.9320757067483,-176.517123541
0.01061759183483,31.981823605833,-177.310221992661
0.0108151870255229,32.031330835055,-178.104065791939
0.0110164594963366,32.080636040083,-178.89865355145
0.0112214776820798,32.1297780188087,-179.693985428462
0.0114303112911448,32.1787956913459,179.509937116959
0.0116430313292088,32.2277280702402,178.713111567645
0.0118597101233767,32.2766142308396,177.915534597949
0.0120804213467733,32.3254932817779,177.11720232431
0.0123052400435926,32.3744043355173,176.318110556821
0.012534242654614,32.4233864788984,175.518255050854
0.0127675070431927,32.4724787436432,174.717631757749
0.0130051125217341,32.5217200767597,173.916237073652
0.0132471398786612,32.5711493107967,173.114068085517
0.0134936714058831,32.6208051339001,172.311122813342
0.0137447909267754,32.6707260596264,171.507400447673
0.014000583824681,32.7209503964725,170.702901581462
0.0142611370719413,32.7715162170855,169.897628435331
0.0145265392594678,32.822461327123,169.091585075329
0.014796880626864,32.87382323374,168.284777622285
0.0150722530931076,32.9256391136864,167.477214451852
0.0153527502878042,32.9779457810061,166.668906384384
0.0156384675830225,33.0307796543375,165.859866863799
0.0159295021257212,33.0841767238249,165.050112124584
0.0162259528707809,33.1381725176564,164.239661346173
0.016527920614649,33.1928020682579,163.428536793921
0.016835508029612,33.2480998781791,162.616763945949
0.0171488196987054,33.3040998857183,161.804371605174
0.0174679621512725,33.3608354303439,160.991391995899
0.0177930438991858,33.4183392179781,160.177860844355
0.0181241754737424,33.4766432862204,159.363817442677
0.0184614694632455,33.5357789695964,158.54930469583
0.0188050405512858,33.5957768649269,157.73436915109
0.0191550055557353,33.656666796921,156.919061009723
0.0195114834684662,33.7184777841041,156.103434120612
0.0198745954958098,33.7812380052003,155.287545955633
0.020244465099768,33.8449747660936,154.471457566683
0.0206212180399914,33.9097144674985,153.655233524328
0.0210049824165391,33.975482573475,152.838941838151
0.0213958887134342,34.0423035809262,152.022653858939
0.0217940698430296,34.1102009902188,151.206444162982
0.0221996611911995,34.1791972770678,150.390390418801
0.0226128006633728,34.2493138658268,149.574573236764
0.0230336287314213,34.3205711043223,148.759076002091
0.0234622884814226,34.3929882403689,147.943984691905
0.0238989256623105,34.4665834000973,147.129387676998
0.0243436887354311,34.5413735682205,146.315375509136
0.0247967289250216,34.6173745703581,145.502040694774
0.0252582002696278,34.6946010575293,144.689477456122
0.0257282596744793,34.7730664929155,143.877781480611
0.0262070669648385,34.8527831409841,143.067049659834
0.0266947849403432,34.9337620590518,142.257379819113
0.0271915794303602,35.016013091354,141.44887043891
0.0276976193503689,35.0995448656749,140.641620369292
0.0282130767593947,35.1843647925745,139.835728538756
0.0287381269185107,35.270479067241,139.031293658692
0.0292729483504282,35.3578926739743,138.2284139248
0.0298177229001967,35.4466093932988,137.427186716782
0.0303726357970331,35.5366318116816,136.627708297609
0.0309378757173014,35.6279613338223,135.830073513666
0.0315136348486648,35.7205981974633,135.034375497031
0.0321001089554317,35.8145414906538,134.240705371134
0.0326974974451177,35.9097891713911,133.449151960979
0.0333060034362459,36.0063380895426,132.65980150906
0.0339258338274099,36.1041840109477,131.872737398063
0.0345571993676214,36.203321643579,131.088039881349
0.0352003147279668,36.3037446656377,130.305785822157
0.0358553985745982,36.4054457554451,129.526048442398
0.0365226736430817,36.5084166229857,128.748897081785
0.0372023668141307,36.6126480429472,127.974396968018
0.0378947091907467,36.7181298891023,127.202608998582
0.0385999361767977,36.8248511698649,126.433589534693
0.0393182875570577,36.9328000648573,125.667390207778
0.0400500075787361,37.0419639623175,124.90405773881
0.0407953450345245,37.1523294971767,124.143633770717
0.0415545533471887,37.2638825896387,123.386154714001
0.0423278906557355,37.3766084840898,122.631651605591
0.0431156199031823,37.4904917881763,121.880149980903
0.0439180089259609,37.6055165118836,121.131669758956
0.0447353305449847,37.7216661064605,120.38622514035
0.0455678626584106,37.8389235030331,119.643824517821
0.0464158883361278,37.9572711507616,118.904470399007
0.0472796959160039,38.0766910543976,118.168159341028
0.0481595791019235,38.1971648111064,117.434881896399
0.0490558370636505,38.3186736464278,116.704622569739
0.0499687745385488,38.4411984492538,115.977359784717
0.0508987019351968,38.5647198057108,115.253065860618
0.0518459354389291,38.6892180318424,114.531706997875
0.0528107971193433,38.8146732049942,113.813243271898
0.053793615039807,38.9410651938129,113.097628634496
0.0547947233690029,39.0683736867755,112.384810922175
0.0558144624945496,39.1965782191773,111.674731870582
0.0568531791387375,39.3256581985083,110.967327134362
0.0579112264764176,39.4555929281586,110.262526311679
0.058988964255085,39.5863616293978,109.56025297268
0.0600867589171969,39.7179434615788,108.860424691145
0.061204983724767,39.8503175405241,108.162953078634
0.0623440188862786,39.9834629550523,107.467743820388
0.0635042516859596,40.1173587816131,106.774696712318
0.0646860766154633,40.2519840969961,106.083705698399
0.0658898955079995,40.3873179890869,105.394658907818
0.0671161176749628,40.5233395656411,104.707438691253
0.0683651600451024,40.6600279610537,104.021921655682
0.0696374473062822,40.797362341096,103.33797869715
0.0709334120498799,40.9353219055985,102.655475030951
0.0722534949178721,41.0738858890515,101.97427021873
0.0735981447526576,41.2130335590996,101.294218192003
0.0749678187496687,41.3527442128993,100.615167271675
0.0763629826128224,41.49299717131,99.9369601831482
0.0777841107128649,41.6337717708822,99.2594340666359
0.0792316862486625,41.7750473536066,98.5824204823741
0.0807062014114951,41.9168032543774,97.9057454104243
0.0822081575524054,42.0590187861244,97.229229244831
0.0837380653526649,42.2016732225571,96.5526867819211
0.0852964449974102,42.3447457784603,95.8759272025939
0.0868838263525118,42.488215587472,95.1987540484881
0.0885007491447344,42.6320616772688,94.5209651919654
0.0901477631452492,42.7762629420713,93.842352799907
0.0918254283565628,42.9207981123786,93.1627032913738
0.0935343152029238,43.065645721826,92.4817972892415
0.0952750047242729,43.2107840710544,91.7994095659951
0.0970480887738031,43.3561911884657,91.1153089839235
0.0988541702191957,43.5018447877298,90.4292584300529
0.100693863147603,43.6477222218969,89.7410147462213
0.102567793074442,43.7938004339561,89.0503286548022
0.10447659715608,43.9400559036688,88.3569446806789
0.106420924406472,44.0864645904955,87.6606010701839
0.108401435917833,44.233001872419,86.9610297078314
0.110418805085416,44.3796424804553,86.2579560318146
0.112473717836475,44.5263604286321,85.5510989493688
0.114566872863487,44.6731289392007,84.840170753277
0.116698981861715,44.8199203628357,84.1248770409508
0.11887076977119,44.966706093566,83.4049166377287
0.121082975023204,45.113456478169,82.6799815262304
0.123336349791378,45.2601407197501,81.9497567838362
0.125631660247412,45.4067267752241,81.2139205306236
0.127969686821594,45.5531812464039,80.4721438903443
0.130351224468151,45.6994692644035,79.7240909673469
0.132777082935543,45.8455543670549,78.9694188426475
0.135248087041788,45.9913983690462,78.2077775927239
0.137765076954905,46.1369612244887,77.4388103349653
0.140328908478587,46.2822008816353,76.6621533041213
0.142940453343176,46.4270731294855,75.8774359645272
0.145600599502065,46.571531436036,75.0842811633379
0.14831025143361,46.7155267779645,74.2823053304903
0.151070330448665,46.8590074615729,73.4711187316229
0.153881775003835,47.0019189348636,72.6503257807148
0.156745541020559,47.1442035906802,71.8195254197572
0.159662602210143,47.2858005609149,70.9783115733338
0.162633950404819,47.4266455018702,70.126273686546
0.165660595894991,47.5666703709603,69.2629973553009
0.168743567772738,47.7058031950549,68.3880650585124
0.171883914281715,47.8439678309009,67.5010570022946
0.175082703173572,47.9810837182123,66.6015520867059
0.178341022071001,48.1170656261911,65.6891290060018
0.181659978837533,48.2518233944382,64.763367493691
0.18504070195423,48.3852616694305,63.8238497238801
0.18848434090338,48.5172796379798,62.8701618804648
0.191992066559328,48.6477707593497,61.9018959056004
0.195565071586595,48.7766224979887,60.9186514385401
0.199204570845387,48.9037160591353,59.9200379553275
0.202911801804668,49.0289261298655,58.9056771189315
0.206688024962908,49.1521206284727,57.8752053481267
0.210534524276671,49.2731604653961,56.8282766117753
0.214452607597167,49.3918993192289,55.7645654530475
0.218443607114943,49.5081834316381,54.6837702454977
0.222508879812837,49.6218514252947,53.5856166797985
0.226649807927369,49.7327341491347,52.4698614762149
0.230867799418717,49.8406545554235,51.3362963136565
0.235164288449435,49.9454276131658,50.1847519612834
0.239540735872088,50.0468602623566,49.0151025932955
0.243998629725955,50.1447514133876,47.8272702616448
0.24853948574298,50.2388919955804,46.621229495189
0.253164847863136,50.3290650582751,45.397011987281
0.25787628875938,50.415045927149,44.15471132722
0.262675410372384,50.496602417436,42.8944877245475
0.267563844455204,50.5734951044454,41.6165726691884
0.272543253128103,50.6454776502247,40.3212734651911
0.27761532944368,50.7122971833603,39.0089775717327
0.282781797962534,50.7736947267665,37.6801566825407
0.28804441533963,50.8294056658808,36.3353704743673
0.293404970921579,50.8791602469964,34.9752699571366
0.298865287355038,50.9226840925391,33.6006003633339
0.30442722120643,50.9596987170067,32.2122035225373
0.310092663593193,50.9899220240747,30.8110196791652
0.315863540826782,51.0130687621225,29.3980887277842
0.321741815067637,51.0288509122129,27.9745508610608
0.327729484992338,51.0369779794569,26.5416466506795
0.333828586473176,51.0371571557854,25.1007166114803
0.340041193270371,51.0290933194924,23.6532003335749
0.346369417737173,51.0124888345623,22.2006353062795
0.352815411538088,50.9870431107536,20.7446556012409
0.359381366380462,50.9524518836784,19.2869906301371
0.36606951475969,50.9084061726139,17.8294642449689
0.372882130718283,50.8545908724162,16.3739945066757
0.379821530619074,50.7906829345085,14.9225945115199
0.386890073932797,50.71634909028,13.4773747360013
0.394090164040345,50.6312430681033,12.0405474423844
0.401424249049932,50.5350022522487,10.6144337820321
0.408894822629486,50.427243727926,9.20147434782814
0.416504424854518,50.3075596511555,7.80424406747284
0.424255643071778,50.1755118748369,6.42547250649068
0.432151112778977,50.0306257529439,5.06807087726111
0.440193518520887,49.8723830330312,3.735167347181
0.448385594802119,49.7002137332109,2.4301526309589
0.456730127016875,49.5134868837858,1.15673837432087
0.465229952396019,49.3114999967963,-0.0809684621433462
0.473887960971765,49.09346711091,-1.27837106189827
0.482707096560318,48.8585052482686,-2.43026260674515
0.491690357762803,48.605619121282,-3.53067331255488
0.500840798984821,48.3336839536877,-4.572674998867
0.510161531474983,48.0414263540575,-5.54813017080778
0.519655724382766,47.7274033410582,-6.4473678859174
0.529326605836056,47.3899799381923,-7.25876207954457
0.53917746403875,47.0273063553932,-7.96817873231873
0.549211648388779,46.6372968762825,-8.55824516672669
0.559432570616938,46.2176145684543,-9.00737635841051
0.569843705946914,45.7656695430051,-9.28846759244766
0.580448594276898,45.2786450019373,-9.36712826785606
0.591250841383187,44.7535770752395,-9.19928777069413
0.602254120146193,44.1875356916989,-8.72795631554504
0.613462171799251,43.5779918791746,-7.87889364353168
0.624878807200689,42.9235242150953,-6.5549945989269
0.636507908129557,42.2251308114237,-4.62952724309548
0.648353428605472,41.4885854365706,-1.9394104133753
0.66041939623303,40.7284659627455,1.71751820093903
0.672709913571234,39.9744332258303,6.57116188770101
0.685229159528406,39.2792009720902,12.8334041301848
0.697981390783066,38.7237379068617,20.591184444847
0.710970943231243,38.4084236828541,29.6417001005832
0.724202233460731,38.4187905488023,39.3770376156735
0.737679760252773,38.7789833969979,48.9063176246304
0.751408106111697,39.435967152133,57.4150884587914
0.765391938823015,40.2924884814342,64.4558259616581
0.779636013040524,41.2528991224667,69.958984084513
0.794145171902934,42.2470144399632,74.0769026857165
0.808924348680594,43.2317280766954,77.0362668705038
0.823978568452852,44.1837755016154,79.0577993470718
0.839312949816636,45.0921831024404,80.3271231702329
0.854932706626838,45.9528947853724,80.9907236508748
0.870843149769072,46.7654673263527,81.1610230858043
0.88704968896544,47.5311726237988,80.9234025483929
0.903557834613893,48.2519459733646,80.3426007229755
0.920373199661822,48.9298150322651,79.4678501172855
0.937501501514529,49.566593235596,78.33679805833
0.954948563979196,50.1637143860672,76.9784473375403
0.972720319245054,50.7221386561194,75.415362375638
0.99082280990038,51.2422897746275,73.665348161953
1.00926219098705,51.7239987779843,71.7427666700746
1.02804473209331,52.1664371621051,69.6596239716505
1.04717681948552,52.5680246154881,67.4265460494123
1.06666495827954,52.9262951029469,65.0537666540379
1.08651577465254,53.2377001750012,62.5522851130393
1.10673601809597,53.4973194802702,59.9354348130264
1.12733256371049,53.6984345039661,57.2212748074844
1.14831241454351,53.831901713529,54.4365645143952
1.16968270397038,53.8852379908471,51.6237940220037
1.19145069811977,53.8413218214752,48.8542434845162
1.21362379834424,53.6766944214594,46.2532998980892
1.23620954373677,53.3599189862476,44.0514378178506
1.25921561369415,52.8525126178663,42.6895786341129
1.28264983052806,52.1232236122963,43.0326012961746
1.30652016212472,51.2164782665953,46.715943406054
1.33083472465408,50.4791080844422,56.0268310251671
1.35560178532937,50.8009123681381,70.4098137451357
1.38082976521809,52.6287631854462,81.9904695805544
1.40652724210524,55.0267413046732,85.0984610917078
1.43270295340983,57.1206963725913,81.5560726806796
1.45936579915576,58.6558760491193,74.692246972344
1.48652484499786,59.6770792278745,66.7884996688404
1.51418932530435,60.3132232882695,59.0399360272525
1.54236864629663,60.6882259386604,51.9275668862867
1.57107238924745,60.8942184342552,45.5588573520743
1.6003103137387,60.992273649079,39.8847652889972
1.63009236097974,61.0208557441301,34.8088992991856
1.66042865718753,61.0037958829505,30.2329097200627
1.69132951702965,60.9559092309732,26.0715650720101
1.72280544713139,60.8865434371027,22.255446242367
1.75486714964815,60.8017251924307,18.72934405614
1.78752552590424,60.7054413945637,15.4496120956082
1.82079168009946,60.6004050111892,12.3816341593292
1.8546769230847,60.4885172279691,9.4977325775244
1.88919277620767,60.3711501422499,6.77554043287955
1.92435097523033,60.2493224733745,4.1967675821146
1.96016347431919,60.1238107133464,1.74627495510458
1.99664245010979,59.9952207791416,-0.588618440704749
2.03380030584698,59.8640351451415,-2.81865574018184
2.07164967560207,59.7306445229975,-4.95303497438158
2.1102034285686,59.595369650244,-6.99970784757579
2.14947467343798,59.4584766435402,-8.96560903744592
2.18947676285662,59.3201880921126,-10.8568338799712
2.23022329796594,59.1806912788545,-12.6787774669285
2.27172813302691,59.0401444256395,-14.4362446857783
2.31400538013065,58.8986815501492,-16.1335382036119
2.35706941399673,58.7564163245296,-17.7745295673608
2.40093487686065,58.6134451993565,-19.3627172644512
2.44561668345244,58.4698499738229,-20.9012746200976
2.49113002606779,58.3256999386992,-22.3930896983452
2.53749037973357,58.1810536824032,-23.8407988517843
2.58471350746956,58.0359606260644,-25.246815178084
2.63281546564802,57.8904623367286,-26.613352853281
2.68181260945301,57.7445936561956,-27.9424480956372
2.73172159844138,57.5983836747367,-29.2359773508218
2.78255940220712,57.4518565729802,-30.4956731652362
2.83434330615131,57.3050323508596,-31.7231381195675
2.88709091735923,57.1579274592151,-32.9198571216262
2.94082017058706,57.0105553470892,-34.087208300923
2.99554933435982,56.8629269357574,-35.2264727031684
3.05129701718287,56.715051028928,-36.3388429480377
3.10808217386906,56.5669346672349,-37.4254309859164
3.16592411198352,56.4185834340589,-38.4872750672447
3.22484249840844,56.2700017188011,-39.5253460202947
3.28485736603005,56.1211929429527,-40.5405529187719
3.34598912054997,55.9721597536416,-41.533748208847
3.40825854742345,55.8229041887592,-42.505732355483
3.47168681892656,55.6734278172732,-43.4572580598764
3.53629550135504,55.5237318578924,-44.389034093091
3.60210656235707,55.3738172788722,-45.3017287852909
3.66914237840249,55.2236848814102,-46.1959732051951
3.73742574239106,55.0733353687905,-47.0723640602895
3.80697987140228,54.9227694031716,-47.9314663448233
3.87782841458945,54.7719876516879,-48.7738157596184
3.94999546122065,54.6209908233294,-49.5999209250929
4.02350554886929,54.4697796978894,-50.4102654066566
4.09838367175726,54.3183551481075,-51.2053095696074
4.17465528925313,54.1667181560023,-51.9854922789641
4.25234633452868,54.0148698242598,-52.751232458103
4.3314832233764,53.8628113834378,-53.5029305187147
4.41209286319119,53.7105441956495,-54.2409696734008
4.49420266211914,53.5580697553057,-54.9657171411546
4.57784053837662,53.405389687419,-55.6775252549947
4.66303492974273,53.2525057439076,-56.376732480207
4.7498148032285,53.099419798279,-57.0636643508226
4.83820966492596,52.9461338390214,-57.7386343313272
4.92824957004051,52.7926499619848,-58.4019446099277
5.01996513311008,52.6389703619968,-59.0538868291702
5.11338753841432,52.4850973239184,-59.6947427591803
5.20854855057766,52.3310332133192,-60.3247849183467
5.30548052536957,52.1767804669204,-60.9442771458347
5.40421642070591,52.0223415829325,-61.5534751299622
5.50478980785497,51.8677191113935,-62.1526268961034
5.60723488285203,51.7129156445943,-62.7419732574864
5.71158647812643,51.5579338076635,-63.3217482319578
5.81788007434493,51.4027762493687,-63.8921794275313
5.92615181247555,51.2474456331813,-64.4534883992957
6.03643850607586,51.0919446286388,-65.0058909800483
6.14877765381003,50.9362759030323,-65.5495975868117
6.26320745219869,50.7804421134378,-66.0848135052153
6.37976680860628,50.6244458991035,-66.6117391535632
6.49849535446989,50.4682898741999,-67.1305703282442
6.61943345877439,50.3119766209344,-67.6414984320139
6.74262224177835,50.155508683029,-68.1447106865502
6.86810358899531,49.998888559555,-68.6403903305553
6.99592016543537,49.8421186991168,-69.1287168045872
7.12611543011174,49.6852014943746,-69.6098659236914
7.25873365081724,49.5281392768927,-70.084010038824
7.39381991917587,49.3709343123019,-70.5513181879689
7.53142016597437,49.2135887957578,-71.0119562377837
7.6715811767793,49.0561048476821,-71.4660870165229
7.81435060784454,48.8984845097689,-71.9138704389511
7.95977700231498,48.7407297412407,-72.3554636238725
8.10790980673169,48.5828424153345,-72.7910210048694
8.25879938784427,48.424824316004,-73.2206944347789
8.41249704973612,48.2666771348189,-73.6446332844081
8.56905505126834,48.1084024680443,-74.0629845359319
8.72852662384837,47.9500018138848,-74.4758928713883
8.89096598952917,47.7914765698757,-74.8835007566475
9.05642837944529,47.6328280304059,-75.2859485211979
9.22497005259217,47.4740573843565,-75.6833744340754
9.39664831495469,47.31516571284,-76.0759147762176
9.57152153899185,47.1561539870254,-76.4637039095042
9.74964918348409,46.9970230660347,-76.8468743427384
9.9310918137498,46.8377736948967,-77.2255567947806
10.1159111222383,46.6784065025457,-77.5998802550441
10.3041699495059,46.5189219998507,-77.9699720415324
10.4959323055823,46.3593205776636,-78.3359578565884
10.6912633917348,46.1996025048745,-78.6979618405175
10.8902296226373,46.0397679264617,-79.0561066232096
11.0928986489522,45.8798168615255,-79.410513373908
11.2993393803322,45.7197492012957,-79.7613018492227
11.5096220088503,45.5595647071014,-80.10859043951
11.723818032866,45.3992630082939,-80.4524962137053
11.9420002813353,45.2388436001119,-80.7931349626978
12.1642429385737,45.078305841481,-81.1306212413324
12.3906215694792,44.9176489527373,-81.4650684091008
12.6212131452255,44.7568720132668,-81.7965886695932
12.856096069433,44.5959739590519,-82.1252931087674
13.0953502048267,44.4349535801165,-82.4512917320859
13.3390569003906,44.2738095178619,-82.7746935005587
13.5872990190271,44.1125402622854,-83.0956063657569
13.8401609657313,43.9511441490734,-83.4141373038003
14.0977287162897,43.7896193565622,-83.730392348374
14.3600898465126,43.6279639025583,-84.0444766227974
14.6273335620113,43.466175641011,-84.3564943711532
14.8995507285285,43.30425225853,-84.6665489885181
15.176833902834,43.1421912707411,-84.9747430502925
15.4592773641948,42.9799900184717,-85.281178340648
15.7469771464309,42.8176456637606,-85.585955880104
16.0400310705682,42.6551551856835,-85.8891759522329
16.3385387780986,42.4925153759875,-86.1909381295027
16.642601764859,42.3297228345285,-86.4913412982493
16.9523234155412,42.166773964502,-86.7904836827844
17.2678090388436,42.0036649674633,-87.088462868624
17.5891659032773,41.8403918381261,-87.3853758248394
17.916503273639,41.6769503589361,-87.6813189255042
18.2499324481615,41.5133360944088,-87.9763879702451
18.5895667963569,41.3495443852265,-88.2706782038629
18.9355217975629,41.1855703420851,-88.5642843350104
19.2879150802078,41.021408839285,-88.8573005539103
19.6468664618044,40.8570545080558,-89.149820549087
20.0124979896904,40.6925017296098,-89.4419375230904
20.3849339825246,40.5277446279132,-89.7337442071695
20.7643010725577,40.3627770621697,-90.0253328748968
21.1507282486879,40.1975926190057,-90.3167953546698
21.5443469003188,40.0321846043505,-90.6082230410921
21.9452908620332,39.8665460350015,-90.8997069051761
22.353696459098,39.7006696298662,-91.191337503334
22.7697025538168,39.5345478008717,-91.4832049851115
23.1934505927443,39.3681726435328,-91.7753990996353
23.6250846547794,39.2015359271682,-92.0680092007017
24.0647515001543,39.0346290847572,-92.3611242504859
24.5126006203334,38.8674432024243,-92.6548328218032
24.9687842888433,38.6999690085437,-92.9492230988737
25.4334576130465,38.5321968624521,-93.2443828765433
25.9067785868801,38.3641167427601,-93.5403995578887
26.3889081445751,38.1957182352498,-93.8373601501637
26.8800102153761,38.0269905203486,-94.1353512590133
27.3802517792786,37.8579223601676,-94.4344590808987
27.8898029238044,37.6885020850909,-94.7347693936679
28.408836901833,37.5187175799065,-95.0363675451991
28.9375301905095,37.3485562694626,-95.3393384400601
29.4760625512486,37.1780051038393,-95.6437665241021
30.0246170908555,37.0070505430197,-95.9497357669224
30.5833803237843,36.8356785410477,-96.2573296421227
31.1525422355548,36.663874529657,-96.5666311052917
31.7322963473498,36.4916234013564,-96.8777225696332
32.3228397818138,36.3189094919551,-97.1906858791704
32.9243733300777,36.1457165625113,-97.5056022794432
33.5371015200293,35.9720277806865,-97.8225523856381
34.1612326858552,35.7978257014876,-98.1416161480627
34.7969790388769,35.6230922473757,-98.4628728148949
35.4445567397043,35.4478086877224,-98.7864008921408
36.1041859717334,35.2719556175912,-99.112278100725
36.7760910160103,35.0955129358205,-99.4405813306458
37.4605003274899,34.9184598223824,-99.7713865921309
38.1576466127125,34.7407747149926,-100.104768963735
38.8677669089267,34.5624352849405,-100.440802537307
39.5911026646846,34.3834184121097,-100.779560359801
40.327899821937,34.2037001591548,-101.121114371852
41.0784088996564,34.0232557447989,-101.465535343093
41.8428850790158,33.8420595162115,-101.812892804176
42.6215882901532,33.6600849204246,-102.163254975465
43.4147833005509,33.4773044747393,-102.516688692392
44.222739805059,33.2936897360725,-102.873259327448
45.0457325175945,33.1092112691862,-103.233030708844
45.8840412645476,32.9238386137389,-103.596065035815
46.7379510799246,32.7375402500902,-103.96242279063
47.6077523022637,32.5502835637836,-104.332162647332
48.4937406733523,32.3620348086252,-104.705341377255
49.3962174387831,32.1727590682668,-105.082013751418
50.3154894503806,31.9824202161921,-105.462232439853
51.2518692705333,31.7909808739939,-105.846047907999
52.2056752784697,31.5984023678197,-106.233508310284
53.1772317785097,31.4046446828458,-106.624659381036
54.1668691103315,31.2096664156301,-107.019544322908
55.1749237612913,31.0134247241724,-107.418203693004
56.2017384808319,30.8158752754957,-107.820675286925
57.2476623970218,30.6169721905386,-108.226994020984
58.3130511352622,30.4166679861277,-108.637191812862
59.3982669392036,30.2149135137728,-109.051297461005
60.5036787939122,30.0116578949964,-109.469336523073
61.6296625513294,29.8068484528814,-109.891331193834
62.776601058065,29.6004306394804,-110.317300182845
63.9448842855694,29.3923479586946,-110.747258592366
65.1349094627281,29.1825418841809,-111.181217795939
66.3470812109235,28.970951771802,-111.619185318108
67.5818116816111,28.7575147660731,-112.061164715792
68.839520696455,28.5421657000024,-112.507155461823
70.1206358900718,28.3248369876489,-112.95715283124
71.4255928554313,28.1054585086466,-113.411147790902
72.7548352919623,27.8839574838578,-113.869126893047
74.1088151564157,27.6602583412186,-114.331072173431
75.4879928165343,27.4342825707345,-114.796961054711
76.892837207583,27.2059485674589,-115.266766255752
78.323825991792,26.9751714611504,-115.740455707554
79.7814457207663,26.7418629311518,-116.217992476518
81.2661920009194,26.5059310048541,-116.699334695774
82.7785696619847,26.2672798379157,-117.184435505309
84.3190929286625,26.025809474178,-117.673243001635
85.8882855954626,25.7814155829665,-118.165700197748
87.4866812047991,25.5339891711733,-118.661744994099
89.114823228402,25.2834162671867,-119.161310161351
90.7732652521022,25.0295775733533,-119.664323335627
92.4625711640573,24.7723480832222,-120.17070702697
94.1833153464796,24.51159665932,-120.680378641745
95.9360828709314,24.2471855666262,-121.193250519648
97.7214696972572,23.9789699562505,-121.709229986027
99.5400828762152,23.7067972930349,-122.22821942014
101.392540755881,23.4305067199008,-122.750116340046
103.279473191895,23.1499283507027,-123.274813504707
105.201521761616,22.8648824821109,-123.802199033966
107.159339982267,22.5751787135894,-124.332156547018
109.153593533139,22.2806149628111,-124.864565320006
111.184960481927,21.9809763618152,-125.399300463416
113.254131515281,21.6760340167801,-125.936233119983
115.361810173648,21.3655436113893,-126.475230683893
117.508713090481,21.0492438302818,-127.016157042181
119.695570235904,20.7268545748913,-127.558872839377
121.923125164911,20.3980749388959,-128.103235766671
124.192135270178,20.0625809043279,-128.649100877143
126.50337203959,19.7200227118436,-129.196320929012
128.857621318552,19.3700218493723,-129.744746759364
131.255683577184,19.0121675919043,-130.294227691484
133.698374182494,18.6460130109229,-130.84461197984
136.186523675608,18.2710703541711,-131.395747297926
138.720978054162,17.8868056740144,-131.947481275719
141.302599059953,17.4926325542395,-132.499662095594
143.932264471941,17.0879047488514,-133.052139158216
146.610868404698,16.6719074997601,-133.604763833644
149.339321612425,16.2438472397173,-134.157390317756
152.11855179861,15.8028393076618,-134.709876620784
154.949503931463,15.3478931990162,-135.26208572393
157.833140565212,14.8778947339026,-135.813886952667
160.770442167382,14.3915843379751,-136.365157633142
163.762407452169,13.8875303736425,-136.915785123299
166.810053720006,13.3640961043384,-137.465669346663
169.914417203463,12.8193983768635,-138.014726009879
173.076553419572,12.2512553989129,-138.562890764063
176.29753752872,11.6571199651501,-139.110124689763
179.57846470021,11.033992977671,-139.656421670422
182.920450484629,10.3783098420079,-140.201818512061
186.324631193156,9.68578884129043,-140.746409141893
189.79216428391,8.95122511402818,-141.290365010893
193.324228755505,8.16820499268971,-141.833965189886
196.922025547917,7.32870063924491,-142.37764208399
200.586777950823,6.42247922997719,-142.922053220006
204.319732019527,5.43621452684952,-143.468198397713
208.122156998634,4.35210056797664,-144.01761972648
211.995345753607,3.14558990169602,-144.572762275929
215.940615210357,1.78149575937145,-145.137669242486
219.959306803007,0.206794037799864,-145.719440062872
224.052786930002,-1.6639246493232,-146.331647367295
228.22244741869,-3.98172794284685,-147.003668862307
232.469705998565,-7.05464365183678,-147.812722483606
236.796006783308,-11.6874273338425,-149.046959278182
241.202820761801,-21.7309879134251,-153.459103855942
245.691646298279,-20.643424377795,36.8301027682345
250.264009641792,-11.6334854639144,33.0906791927706
254.921465445143,-7.3954837315569,31.9265550571923
259.665597293487,-4.6250437932268,31.1573237738758
264.498018242772,-2.57880425254856,30.5247990294691
269.420371368188,-0.965478684950257,29.9573875196794
274.434330322836,0.359581563116106,29.4273491163788
279.541599906786,1.47880967224519,28.9216975411076
284.743916646725,2.44367132127932,28.4335551561792
290.043049386399,3.28846625063976,27.9589474416388
295.440799888038,4.03720628987254,27.4954230480017
300.939003444972,4.70736009076554,27.0413916493515
306.539529505653,5.3120352475013,26.5957787741735
312.244282309286,5.8613203299796,26.157833689609
318.055201533292,6.36314733375884,25.7270166340608
323.974262952819,6.82386655263078,25.3029296471361
330.003479112528,7.24864178040544,24.8852725422328
336.144900010877,7.64172927904804,24.4738139862268
342.400613797143,8.00667926560078,24.0683719818646
348.772747481418,8.34648438733922,23.6688003842724
355.263467657814,8.66369108815424,23.2749793951225
361.874981241128,8.96048446747363,22.8868087417373
368.609536217216,9.23875385979301,22.5042027071869
375.469422407334,9.50014416315031,22.127086460747
382.4569722467,9.7460964784499,21.7553933175141
389.57456157755,9.97788062437445,21.3890626721547
396.824610456948,10.19662140226,21.0280384285546
404.209583979631,10.4033199994763,20.6722677988388
411.731993116168,10.5988715728083,20.3217003806262
419.394395566719,10.7840798020109,19.9762874460204
427.199396630678,10.9596690193834,19.6359813931974
435.149650092504,11.1262943844493,19.3007353238796
443.24785912404,11.2845504702384,18.9705027189707
451.49677720361,11.4349785499504,18.6452371912263
459.899209052244,11.578072813336,18.3248922986836
468.458011587304,11.7142856962756,18.009421406246
477.176094893874,11.8440324713648,17.6987775855506
486.056423214214,11.9676952193558,17.3929135453396
495.102015955635,12.0856262792283,17.0917815861926
504.315948717136,12.1981512571146,16.7953335746804
513.701354335134,12.3055716602645,16.5035209330148
523.261423948666,12.4081672109337,16.2162946410105
532.999408084409,12.5061978859302,15.9336052477796
542.918617761894,12.5999057201086,15.6554028910663
553.02242561929,12.6895164060042,15.3816373225197
563.314267060135,12.7752407167937,15.1122579375008
573.797641421414,12.8572757756257,14.8472138082809
584.476113163364,12.9358061909343,14.5864537196905
595.353313081437,13.0110050744825,14.3299262064451
606.432939540806,13.0830349564914,14.0775795915173
617.718759733849,13.1520486101973,13.829362025029
629.214610961035,13.2181897964834,13.5852215232384
640.924401935646,13.2815939378003,13.3451060072751
652.852114112785,13.342388729366,13.1089633413408
665.001803043112,13.4006946946052,12.8767413701428
677.377599751774,13.4566256908964,12.6483879553825
689.983712143002,13.5102893709367,12.4238510111535
702.824426430835,13.5617876043827,12.2030785381304
715.904108596489,13.6112168638604,11.9860186564798
729.227205872831,13.6586685789538,11.77261963741
742.798248256491,13.7042294613563,11.5628299333331
756.621850048106,13.7479818040072,11.3565982066085
770.70271142123,13.7900037567137,11.1538733568476
785.045620020451,13.8303695804819,10.9546045467861
799.655452589235,13.8691498825364,10.758741226731
814.537176628074,13.9064118337949,10.5662331575888
829.695852083491,13.9422193703773,10.3770304325107
845.136633068472,13.9766333805617,10.191083497165
860.864769614924,14.0097118784585,10.0083431686899
876.885609458742,14.0415101655379,9.82876065333585
893.204599858096,14.0720809810419,9.65228756285691
909.827289445557,14.1014746422003,9.47887592968073
926.759330114688,14.1297391750902,9.30847822089654
944.00647894176,14.1569204368905,9.14104735111131
961.574600143209,14.1830622302174,8.97653669420522
979.469667069538,14.2082064101606,8.81490009404587
997.697764236321,14.2323929845824,8.65609187418989
1016.265089393,14.255660208194,8.50006684661688
1035.17795563018,14.2780446708733,8.34678031955009
1054.44279352617,14.2995813806513,8.19618810439251
1074.06615333343,14.3203038417548,8.04824652182569
1094.05470720574,14.3402441280613,7.90291240711122
1114.41525146679,14.3594329522896,7.76014311463252
1135.154708921,14.3778997312259,7.61989652172233
1156.28013120738,14.3956726472579,7.48213103180057
1177.79870119712,14.4127787064682,7.34680557687379
1199.71773543589,14.4292437935169,7.21387961941809
1222.04468663149,14.4450927235286,7.08331315369089
1244.78714618791,14.4603492911768,6.95506670649444
1267.95284678643,14.4750363171486,6.82910133742921
1291.54966501488,14.4891756921557,6.70537863866694
1315.5856240457,14.5027884186463,6.5838607342702
1340.06889636395,14.5158946503617,6.46451027908632
1365.00780654601,14.5285137298676,6.34729045724435
1390.41083409007,14.5406642241861,6.23216498028343
1416.2866162992,14.5523639586397,6.11909808492889
1442.64395121816,14.5636300490141,6.00805453054977
1469.49180062482,14.5744789321388,5.89899959631212
1496.83929307726,14.5849263949759,5.7918990780538
1524.69572701757,14.5949876023039,5.68671928489901
1553.07057393346,14.6046771230738,5.58342703563431
1581.9734815786,14.614008955515,5.48198965486433
1611.41427725302,14.6229965510569,5.38237496896154
1641.40297114447,14.6316528371336,5.28455130182844
1671.94975973199,14.6399902389302,5.18848747049293
1703.06502925284,14.6480207001301,5.09415278054248
1734.75935923393,14.6557557027131,5.0015170214205
1767.04352608894,14.6632062858567,4.91055046159205
1799.92850678248,14.6703830639868,4.82122384359433
1833.42548256229,14.6772962440206,4.733508378983
1867.54584276108,14.6839556418442,4.64737574319018
1902.30118866895,14.6903706980631,4.56279807029464
1937.70333747799,14.6965504930618,4.47974794772751
1973.76432630026,14.7025037614076,4.39819841091051
2010.49641626049,14.7082389056303,4.31812293784371
2047.91209666509,14.7137640094081,4.23949544365358
2086.02408924851,14.7190868501896,4.16229027509716
2124.84535249888,14.7242149112775,4.08648220504037
2164.38908606402,14.7291553934006,4.01204642691908
2204.6687352394,14.7339152257985,3.93895854917823
2245.69799553977,14.7385010768409,3.86719458970696
2287.49081735571,14.7429193642038,3.79673097026621
2330.06141069692,14.7471762646235,3.72754451092343
2373.42425002387,14.7512777232465,3.65961242449088
2417.59407916913,14.7552294625956,3.59291231097729
2462.58591635055,14.7590369911671,3.5274221520567
2508.41505927754,14.7627056116783,3.46312030555297
2555.0970903525,14.7662404289794,3.39998549995621
2602.64788196901,14.7696463576444,3.33799682896104
2651.08360190853,14.7729281292563,3.27713374603546
2700.42071883777,14.7760902993999,3.2173760590274
2750.67600790807,14.7791372543731,3.15870392480639
2801.86655645919,14.7820732176322,3.10109784394277
2854.00976982924,14.7849022559788,3.04453865542756
2907.12337727257,14.7876282855033,2.98900753144409
2961.22543798803,14.7902550772918,2.93448597217106
3016.3343472592,14.7927862629091,2.88095580064818
3072.468842709,14.7952253396659,2.82839915767855
3129.64801067075,14.7975756756794,2.77679849678799
3187.89129267764,14.7998405147367,2.7261365792359
3247.21849207313,14.8020229809677,2.67639646907685
3307.64978074425,14.8041260833375,2.62756152827428
3369.20570598026,14.8061527199635,2.57961541187783
3431.90719745905,14.8081056822661,2.53254206324235
3495.77557436327,14.8099876589589,2.48632570931829
3560.83255262928,14.8118012398857,2.44095085598747
3627.10025233065,14.8135489197093,2.39640228346133
3694.6012051993,14.815233101459,2.35266504173765
3763.35836228654,14.816856099943,2.30972444611242
3833.39510176659,14.81842014503,2.26756607275471
3904.73523688556,14.8199273848048,2.22617575433249
3977.40302405804,14.8213798886056,2.18553957570767
4051.42317111464,14.8227796499445,2.14564386967963
4126.82084570296,14.8241285893174,2.1064752127941
4203.6216838447,14.8254285569083,2.06802042120652
4281.85179865241,14.8266813351905,2.03026654661159
4361.53778920801,14.8278886414299,1.99320087221769
4442.70674960688,14.8290521300941,1.95681090879292
4525.38627817017,14.8301733951704,1.92108439076397
4609.60448682842,14.8312539723974,1.88600927236714
4695.39001068006,14.8322953414121,1.85157372386687
4782.77201772749,14.8332989278166,1.8177661278235
4871.78021879463,14.834266105168,1.78457507541967
4962.44487762892,14.8351981968932,1.75198936284663
5054.79682119123,14.8360964781326,1.71999798773844
5148.86745013749,14.8369621775146,1.68859014566776
5244.68874949512,14.8377964788645,1.65775522669507
5342.29329953835,14.8386005228492,1.62748281197111
5441.71428686589,14.8393754085611,1.59776267039304
5542.98551568466,14.8401221950432,1.56858475531472
5646.14141930367,14.8408419027568,1.53993920130698
5751.21707184162,14.8415355149962,1.51181632097584
5858.24820015253,14.8422039792493,1.4842066018255
5967.27119597332,14.8428482085091,1.45710070317506
6078.32312829724,14.843469082536,1.43048945312735
6191.44175597784,14.8440674490738,1.40436384558495
6306.66554056741,14.8446441250203,1.37871503731597
6424.03365939418,14.8451998975554,1.35353434506765
6543.58601888323,14.8457355252265,1.32881324273128
6665.36326812493,14.8462517389953,1.3045433585495
6789.4068126961,14.8467492432448,1.28071647237305
6915.75882873853,14.8472287167496,1.25732451296472
7044.46227729903,14.8476908136109,1.2343595553432
7175.56091893693,14.8481361641566,1.21181381818
7309.09932860292,14.8485653758088,1.18967966123494
7445.12291079513,14.8489790339184,1.16794958283318
7583.6779149972,14.8493777025707,1.14661621739508
7724.81145140339,14.8497619253598,1.12567233299133
7868.57150693685,14.8501322261359,1.10511082896338
8015.00696156542,14.8504891097241,1.08492473355901
8164.16760492146,14.8508330626176,1.06510720162915
8316.10415323097,14.8511645536454,1.045651512355
8470.86826655739,14.8514840346152,1.02655106701288
8628.5125663669,14.8517919409331,1.00779938678395
8789.09065341997,14.8520886922007,0.989390110596672
8952.65712599639,14.8523746927898,0.971316993011171
9119.26759845931,14.8526503323967,0.953573902135657
9288.97872016449,14.8529159865762,0.936154817584495
9461.848194722,14.8531720172554,0.919053828466013
9637.9347996158,14.8534187732298,0.902265131412092
9817.29840618883,14.8536565906403,0.88578302863615
10000,14.8538857934335,0.869601926030489
