f,P_mag,P_phase,G_mag,G_phase
0.2,-103.539506780722,-28.4305475268871,-54.6085662588673,31.2716126741251
0.200440368901711,-103.533902063116,-28.2271637121353,-54.5879740858066,31.3544300492993
0.20088170742727,-103.528153191669,-28.0207086240438,-54.5672651681976,31.4400928691308
0.201324017711638,-103.522254107498,-27.8111458272606,-54.5464336700377,31.5286369485167
0.201767301894476,-103.516198563503,-27.5984387472413,-54.5254735685001,31.6200982447764
0.202211562120159,-103.509980119689,-27.3825506901537,-54.504378649261,31.7145128378168
0.202656800537779,-103.503592138434,-27.1634448640873,-54.4831425017752,31.811916908987
0.203103019301165,-103.497027779715,-26.9410844016122,-54.4617585145041,31.9123467185934
0.203550220568884,-103.490279996282,-26.7154323837472,-54.4402198701016,32.0158385819975
0.203998406504259,-103.483341528808,-26.4864518653847,-54.4185195405631,32.1224288442631
0.204447579275374,-103.476204900997,-26.2541059022335,-54.3966502823439,32.2321538532832
0.204897741055089,-103.468862414676,-26.0183575793287,-54.3746046314536,32.3450499313407
0.205348894021046,-103.461306144864,-25.7791700411692,-54.3523748985332,32.4611533450477
0.205801040355684,-103.453527934836,-25.5365065235328,-54.3299531639233,32.5805002735958
0.206254182246247,-103.445519391187,-25.2903303870311,-54.3073312727319,32.7031267752818
0.206708321884792,-103.4372718789,-25.0406051524531,-54.2845008299099,32.8290687522334
0.207163461468207,-103.428776516435,-24.7872945379569,-54.2614531953457,32.9583619132961
0.207619603198214,-103.420024170848,-24.5303624981618,-54.2381794789881,33.0910417350121
0.208076749281384,-103.411005452949,-24.2697732651945,-54.2146705360091,33.2271434206556
0.208534901929147,-103.401710712512,-24.0054913917415,-54.1909169620195,33.3667018572529
0.208994063357802,-103.392130033547,-23.7374817961571,-54.1669090883484,33.5097515705545
0.209454235788527,-103.382253229658,-23.4657098096782,-54.1426369774028,33.6563266778967
0.209915421447391,-103.372069839489,-23.1901412257905,-54.1180904181191,33.8064608389154
0.210377622565366,-103.361569122278,-22.9107423517885,-54.0932589215238,33.9601872040654
0.210840841378335,-103.350740053539,-22.6274800625733,-54.0681317164194,34.1175383609027
0.211305080127103,-103.339571320886,-22.3403218567237,-54.0426977452116,34.2785462780961
0.21177034105741,-103.328051320013,-22.0492359148709,-54.0169456598976,34.4432422471281
0.212236626419942,-103.316168150861,-21.7541911604139,-53.9908638182328,34.6116568216702
0.212703938470339,-103.303909613973,-21.4551573225874,-53.9644402800967,34.783819754591
0.213172279469208,-103.291263207084,-21.1521050019128,-53.9376628040796,34.9597599325929
0.213641651682134,-103.278216121937,-20.8450057380339,-53.9105188443098,35.1395053084573
0.214112057379689,-103.264755241372,-20.5338320799503,-53.8829955475457,35.3230828308981
0.214583498837446,-103.250867136707,-20.218557658642,-53.855079750556,35.5105183720237
0.215055978335987,-103.236538065419,-19.899157262077,-53.8267579778116,35.7018366524121
0.215529498160918,-103.221753969174,-19.5756069125823,-53.7980164395148,35.8970611638306
0.216004060602876,-103.206500472212,-19.2478839465515,-53.7688410299926,36.0962140896125
0.21647966795754,-103.190762880129,-18.9159670964502,-53.7392173264787,36.2993162227406
0.216956322525646,-103.174526179073,-18.5798365750686,-53.7091305883143,36.5063868816866
0.217434026612995,-103.157775035381,-18.2394741619639,-53.678565756592,36.7174438240515
0.217912782530466,-103.140493795699,-17.8948632920191,-53.6475074542755,36.9325031581044
0.218392592594025,-103.122666487598,-17.5459891460291,-53.6159399868197,37.1515792522822
0.218873459124737,-103.104276820718,-17.1928387432205,-53.5838473433234,37.3746846427614
0.219355384448779,-103.085308188485,-16.8354010355874,-53.5512131982419,37.6018299392163
0.219838370897449,-103.065743670406,-16.4736670039166,-53.5180209136898,37.8330237288852
0.22032242080718,-103.045566034987,-16.1076297553566,-53.4842535423631,38.0682724790948
0.220807536519546,-103.024757743301,-15.7372846223728,-53.4498938311091,38.3075804383997
0.221293720381279,-103.003300953235,-15.3626292629083,-53.4149242251731,38.550949536513
0.221780974744278,-102.98117752443,-14.9836637615585,-53.3793268731492,38.7983792832309
0.222269301965621,-102.95836902397,-14.600390731547,-53.3430836326632,39.0498666665508
0.222758704407574,-102.934856732813,-14.2128154172722,-53.3061760768127,39.3054060502182
0.223249184437606,-102.910621653011,-13.8209457971782,-53.2685855013896,39.5649890709573
0.2237407444284,-102.885644515741,-13.4247926866817,-53.2302929329082,39.8286045356394
0.22423338675786,-102.859905790153,-13.0243698408715,-53.1912791374608,40.0962383186808
0.224727113809127,-102.83338569307,-12.6196940566774,-53.1515246304198,40.3678732599725
0.225221927970591,-102.806064199554,-12.2107852741876,-53.1110096870037,40.6434890636643
0.225717831635899,-102.777921054349,-11.7976666767765,-53.0697143537216,40.9230621981333
0.22621482720397,-102.74893578421,-11.3803647896883,-53.027618460709,41.2065657975046
0.226712917079002,-102.719087711142,-10.9589095767011,-52.9847016349621,41.4939695650842
0.227212103670491,-102.688355966529,-10.5333345344915,-52.9409433144765,41.7852396790971
0.227712389393235,-102.656719506188,-10.103676784292,-52.8963227632929,42.0803387011334
0.228213776667351,-102.624157126306,-9.66997716043238,-52.8508190874458,42.3792254877089
0.228716267918282,-102.590647480291,-9.23228029533539,-52.8044112518097,42.6818551053693
0.229219865576816,-102.556169096502,-8.79063470053768,-52.7570780978307,42.9881787497785
0.229724572079088,-102.520700396847,-8.34509284328783,-52.7087983621283,43.2981436692181
0.2302303898666,-102.484219716232,-7.89571121827908,-52.6595506959456,43.6116930929653
0.23073732138623,-102.446705322837,-7.44255041406211,-52.609313685422,43.9287661649806
0.231245369090243,-102.408135439174,-6.98567517368838,-52.5580658726563,44.2492978833709
0.231754535436303,-102.368488263903,-6.52515444913661,-52.5057857775228,44.5732190460719
0.232264822887486,-102.327741994359,-6.06106144907608,-52.4524519201972,44.9004562031873
0.232776233912292,-102.285874849739,-5.59347367953421,-52.3980428443429,45.2309316164325
0.233288770984654,-102.242865094887,-5.12247297704255,-52.3425371409026,45.5645632260882
0.233802436583954,-102.198691064639,-4.64814553385725,-52.2859134724349,45.9012646258974
0.234317233195033,-102.15333118863,-4.17058191485944,-52.2281505979275,46.2409450462679
0.234833163308203,-102.106764016513,-3.6898770657757,-52.1692273980151,46.5835093461593
0.23535022941926,-102.058968243507,-3.20613031236746,-52.109122900523,46.9288580140052
0.235868434029494,-102.009922736175,-2.71944535029115,-52.0478163062518,47.2768871779623
0.236387779645703,-101.959606558369,-2.22993022534047,-51.9852870149149,47.6274886257753
0.236908268780206,-101.907998997219,-1.73769730383719,-51.9215146511322,47.9805498345015
0.237429903950851,-101.855079589091,-1.24286323296667,-51.8564790903822,48.3359540102782
0.237952687681031,-101.80082814539,-0.745548890904274,-51.7901604848088,48.6935801383144
0.238476622499698,-101.745224778115,-0.245879326625072,-51.7225392887741,49.0533030431872
0.239001710941368,-101.688249925054,0.256016310666382,-51.6535962840486,49.4149934595257
0.239527955546139,-101.629884374492,0.760004852485963,-51.583312604523,49.7785181130731
0.240055358859704,-101.570109289337,1.26594920235527,-51.5116697603278,50.1437398120825
0.240583923433358,-101.508906230527,1.77370843731273,-51.4386496612433,50.5105175489405
0.241113651824017,-101.446257179618,2.28313791948449,-51.3642346392812,50.8787066118532
0.241644546594223,-101.38214456042,2.79408941749421,-51.2884074703216,51.248158706365
0.242176610312164,-101.316551259574,3.30641123741907,-51.2111513946878,51.618722086429
0.24270984555168,-101.249460645952,3.81994836294928,-51.1324501365422,51.990241694682
0.24324425489228,-101.180856588765,4.33454260434257,-51.0522879219924,52.3625593115091
0.243779840919152,-101.110723474269,4.85003275570273,-50.9706494957959,52.7355137124393
0.244316606223176,-101.039046220965,5.36625476005975,-50.8875201365572,53.1089408333349
0.244854553400938,-100.965810293195,5.88304188166535,-50.802885670317,53.4826739428075
0.245393685054738,-100.891001713023,6.40022488486602,-50.7167324824362,53.8565438211967
0.24593400379261,-100.814607070333,6.91763221886481,-50.6290475276858,54.2303789454548
0.246475512228328,-100.736613531042,7.43509020763418,-50.5398183384586,54.604005679168
0.247018212981421,-100.657008843362,7.95242324419632,-50.4490330310284,54.9772484669541
0.247562108677187,-100.575781342043,8.46945398844866,-50.3566803097871,55.3499300323997
0.248107201946704,-100.492919950534,8.98600356767565,-50.2627494694025,55.721871578691
0.248653495426844,-100.408414181013,9.50189177886045,-50.167230394845,56.0928929910348
0.249200991760282,-100.322254132248,10.0169372918745,-50.070113559243,56.4628130399673
0.249749693595516,-100.234430485251,10.5309578526189,-49.9713900195348,56.8314495846079
0.250299603586873,-100.14493449671,11.0437704851603,-49.8710514098948,57.1986197749085
0.250850724394524,-100.053757990186,11.5551916919055,-49.7690899329235,57.5641402519441
0.251403058684499,-99.9608933450629,12.0650376508515,-49.665498348596,57.927827345279
0.251956609128697,-99.8663334832703,12.5731244089505,-49.5602699609782,58.2894972664416
0.252511378404902,-99.7700718537886,13.0792680706365,-49.4533986027266,58.6489662975711
0.25306736919679,-99.6721024149627,13.5832849805736,-49.3448786173968,59.0060509742749
0.25362458419395,-99.572419614659,14.0849918997023,-49.2347048395949,59.3605682617917
0.254183026091892,-99.4710183683086,14.5842061736861,-49.1228725730149,59.7123357235513
0.254742697592061,-99.3678940348865,15.0807458928791,-49.0093775664124,60.0611716812552
0.255303601401848,-99.2630423908841,15.5744300429783,-48.8942159875702,60.4068953656456
0.255865740234609,-99.1564596023383,16.0650786455442,-48.7773843953221,60.749327057134
0.256429116809672,-99.0481421949876,16.5525128876238,-48.6588797097021,61.0882882155407
0.256993733852353,-98.9380870226295,17.0365552397327,-48.5386991802952,61.4236015981903
0.257559594093969,-98.8262912337558,17.5170295615098,-48.4168403528662,61.7550913656767
0.25812670027185,-98.712752236551,17.9937611943888,-48.2933010343511,62.0825831746489
0.258695055129356,-98.5974676623347,18.4665770406762,-48.1680792562926,62.4059042569985
0.259264661415882,-98.4804353275362,18.9353056284658,-48.041173236807,62.7248834848873
0.259835521886883,-98.3616531942864,19.3997771618624,-47.9125813411696,63.0393514210836
0.260407639303878,-98.2411193297143,19.8598235560225,-47.7823020411027,63.3491403541091
0.260981016434465,-98.1188318640329,20.315278456563,-47.6503338728544,63.654084317763
0.261555656052338,-97.9947889474985,20.7659772429145,-47.5166753941499,63.9540190945833
0.262131560937298,-97.8689887063241,21.211757015235,-47.3813251400967,64.2487822028675
0.262708733875267,-97.7414291976241,21.6524565645194,-47.2442815781213,64.5382128668949
0.2632871776583,-97.6121083634649,22.0879163255637,-47.1055430620118,64.822151969998
0.263866895084599,-97.4810239840895,22.5179783124645,-46.9651077851329,65.1004419901681
0.264447888958531,-97.3481736303788,22.9424860363378,-46.82297373288,65.3729269178843
0.265030162090633,-97.2135546156085,23.3612844049482,-46.6791386344263,65.6394521558481
0.265613717297634,-97.077163946552,23.7742196039417,-46.5335999138169,65.8998644003204
0.266198557402463,-96.9389982739727,24.1811389593563,-46.3863546404524,66.1540115037428
0.266784685234264,-96.7990538425437,24.5818907810799,-46.237399478999,66.401742318295
0.267372103628414,-96.6573264402239,24.9763241868834,-46.0867306387551,66.6429065200346
0.267960815426529,-96.5138113471114,25.3642889066386,-45.9343438224957,66.8773544132205
0.268550823476484,-96.3685032837882,25.7456350662731,-45.7802341748068,67.104936714365
0.269142130632424,-96.2213963591607,26.1202129509661,-45.6243962299164,67.3255043155405
0.269734739754777,-96.0724840177939,26.4878727470275,-45.4668238590187,67.5389080263485
0.270328653710273,-95.9217589867264,26.8484642618166,-45.3075102170791,67.7449982939489
0.27092387537195,-95.7692132217485,27.2018366209793,-45.1464476891017,67.9436249003928
0.271520407619174,-95.6148378531135,27.5478379421767,-44.9836278358307,68.1346366364488
0.272118253337651,-95.4586231306484,27.8863149843637,-44.8190413388501,68.3178809509818
0.27271741541944,-95.3005583682195,28.2171127715467,-44.6526779450393,68.493203574806
0.273317896762969,-95.140631887503,28.5400741898095,-44.4845264103326,68.6604481178091
0.273919700273046,-94.9788309610027,28.8550395562273,-44.3145744427259,68.8194556379599
0.274522828860877,-94.8151417542515,29.1618461581151,-44.1428086444672,68.9700641806508
0.275127285444077,-94.6495492671259,29.4603277608504,-43.9692144533609,69.1121082866158
0.275733072946686,-94.4820372742017,29.750314082297,-43.7937760831106,69.2454184664447
0.276340194299181,-94.3125882640692,30.0316302315958,-43.6164764626248,69.3698206394661
0.276948652438491,-94.1411833775292,30.3040961098308,-43.4372971742003,69.4851355345022
0.277558450308015,-93.9678023445858,30.5675257697667,-43.2562183905037,69.5911780496973
0.278169590857629,-93.7924234201529,30.8217267315222,-43.0732188102668,69.6877565682793
0.278782077043705,-93.6150233183931,31.0664992506744,-42.8882755926132,69.7746722267485
0.279395911829128,-93.4355771456125,31.3016355348752,-42.7013642899413,69.8517181315826
0.280011098183301,-93.2540583316383,31.5269189046114,-42.5124587792906,69.9186785200802
0.280627639082171,-93.0704385596213,31.7421228932277,-42.3215311921316,69.9753278604666
0.281245537508233,-92.8846876942111,31.9470102807793,-42.1285518425295,70.0214298858285
0.281864796450551,-92.6967737080772,32.141332055651,-41.9334891536525,70.0567365558173
0.28248541890477,-92.5066626067658,32.3248262971933,-41.7363095826171,70.0809869393589
0.283107407873133,-92.3143183519152,32.4972169718503,-41.5369775436911,70.093906010866
0.283730766364489,-92.1197027828884,32.6582126343997,-41.3354553299136,70.0952033515508
0.284355497394317,-91.9227755369263,32.8075050249656,-41.131703033236,70.0845717465172
0.284981603984732,-91.7234939679836,32.9447675513995,-40.9256784633456,70.0616856672123
0.285609089164505,-91.5218130644786,33.06965364543,-40.717337065403,70.0261996276524
0.286237955969075,-91.3176853662738,33.1817949796546,-40.5066318370096,69.977746401486
0.286868207440566,-91.1110608813098,33.2807995309577,-40.2935132448303,69.9159350854796
0.287499846627798,-90.9018870024439,33.366249474275,-40.0779291414178,69.8403489933532
0.288132876586306,-90.690108425198,33.4376988887669,-39.8598246829497,69.750543362022
0.288767300378351,-90.4756670673146,33.4946712563903,-39.6391422487704,69.6460428502311
0.28940312107294,-90.2585019912449,33.5366567305273,-39.4158213638679,69.5263388072518
0.290040341745833,-90.0385493309779,33.5631091497476,-39.1897986256892,69.3908862867058
0.290678965479565,-89.8157422249526,33.5734427688789,-38.9610076370406,69.2391007776935
0.291318995363459,-89.5900107572128,33.5670286763411,-38.7293789472298,69.0703546221964
0.291960434493638,-89.3612819094575,33.5431908631201,-38.4948400041036,68.8839730841001
0.292603285973043,-89.1294795272465,33.5012019047631,-38.2573151202409,68.6792300312543
0.293247552911448,-88.894524304355,33.4402782133986,-38.0167254572952,68.4553431875427
0.293893238425473,-88.6563337901574,33.3595748119239,-37.7729890333653,68.2114689071252
0.294540345638602,-88.4148224260017,33.2581795772026,-37.5260207593576,67.9466964176897
0.295188877681194,-88.1699016178432,33.1351068933404,-37.2757325116078,67.6600414737763
0.295838837690503,-87.9214798539972,32.9892906498889,-37.0220332496204,67.3504393550315
0.296490228810689,-87.6694628787955,32.8195765132035,-36.7648291897137,67.0167371376119
0.297143054192836,-87.4137539352775,32.6247133922607,-36.5040240476983,66.6576851600472
0.297797316994966,-87.1542540928862,32.4033440131495,-36.2395193665611,66.271927597777
0.298453020382053,-86.8908626795914,32.1539945094943,-35.9712149485765,65.8579920536126
0.299110167526043,-86.6234778420483,31.8750629295346,-35.6990094154533,65.4142780648633
0.299768761605863,-86.3519972624741,31.5648065551331,-35.4228009251988,64.9390444223759
0.300428805807442,-86.0763190670691,31.2213279243178,-35.1424880805289,64.4303951931208
0.30109030332372,-85.7963429682382,30.8425594482911,-34.8579710710778,63.8862643372314
0.301753257354673,-85.5119716918236,30.4262465176971,-34.5691531006189,63.304398814308
0.302417671107318,-85.2231127513299,29.9699290036106,-34.2759421612792,62.6823400844389
0.303083547795735,-84.9296806440115,29.4709210791796,-33.9782532296148,62.017403929873
0.303750890641083,-84.6315995590333,28.9262893223564,-33.6760109747613,61.3066585577778
0.30441970287161,-84.3288067060386,28.3328291143011,-33.3691530869905,60.5469009986726
0.305089987722673,-84.0212563936426,27.687039429449,-33.0576343561927,59.7346318965193
0.305761748436756,-83.7089250117992,26.985096231972,-32.7414316542341,58.8660289052082
0.306434988263477,-83.3918170996195,26.2228248627159,-32.4205500027642,57.9369190755185
0.307109710459614,-83.0699727106225,25.3956720378085,-32.0950299384567,56.942750853742
0.307785918289114,-82.7434763194987,24.4986784068649,-31.7649564197627,55.8785666399118
0.308463615023109,-82.4124675461531,23.5264530621865,-31.430469550945,54.7389772970155
0.309142803939937,-82.0771540003748,22.4731519830342,-31.0917774267372,53.5181405952853
0.309823488325151,-81.7378265678884,21.332463178052,-30.7491714183868,52.2097463546311
0.310505671471541,-81.394877456337,20.0976022930331,-30.4030442196287,50.8070120524242
0.311189356679146,-81.0488212837637,18.7613237150067,-30.0539109351577,49.3026939275882
0.311874547255271,-80.7003194020607,17.3159537458337,-29.7024334040704,47.6891201542059
0.312561246514503,-80.350207475658,15.7534542223627,-29.3494477785445,45.9582544616826
0.313249457778728,-79.9995260449734,14.0655269419578,-28.9959950872815,44.1018005602779
0.313939184377146,-79.6495533508351,12.2437712149112,-28.6433540599221,42.1113596935223
0.314630429646287,-79.3018390330349,10.2799084368733,-28.2930748255911,39.9786552106484
0.315323196930028,-78.9582364037615,8.16608813610492,-27.9470111863251,37.6958386138434
0.316017489579608,-78.6209298232848,5.89528857412688,-27.6073479927494,35.2558901588984
0.316713310953647,-78.2924523204231,3.46182041615816,-27.2766187645392,32.6531225256427
0.317410664418156,-77.9756871605106,0.861932785122235,-26.9577072583814,29.8837868719461
0.318109553346562,-77.6738458824728,-1.90549415253963,-26.6538255050445,26.9467654195274
0.318809981119717,-77.3904149071858,-4.83820758066281,-26.3684604177325,23.8443130601494
0.319511951125918,-77.1290638260299,-7.92985582650635,-26.1052820806339,20.5827835624666
0.320215466760922,-76.8935115959753,-11.16937001726,-25.8680099440036,17.1732479155075
0.320920531427964,-76.6873525076909,-14.5405676505316,-25.660238792267,13.6318907581701
0.321627148537771,-76.5138516867207,-18.0220969525283,-25.4852342451935,9.98006602103817
0.322335321508581,-76.3757287230966,-21.5878188983,-25.3457163875065,6.24391490611185
0.323045053766158,-76.2749554227089,-25.2076701423101,-25.2436575202506,2.4535029562303
0.323756348743809,-76.2125967667889,-28.8489704563827,-25.1801231202726,-1.3584873828994
0.324469209882401,-76.1887207671282,-32.4780504674814,-25.1551816954392,-5.15838450049398
0.325183640630375,-76.2023927799797,-36.0620053106692,-25.1678990985369,-8.91328127367558
0.325899644443769,-76.2517552839953,-39.5703508139442,-25.2164183052088,-12.5926912523291
0.326617224786228,-76.3341792753198,-42.9763813455131,-25.2981108090487,-16.169906506395
0.327336385129023,-76.4464625511036,-46.2580944291676,-25.4097749051139,-19.6229222412709
0.328057128951069,-76.5850458406906,-49.398634275741,-25.5478518211146,-22.9348803292896
0.328779459738943,-76.7462200869162,-52.386288340404,-25.7086329987131,-26.0940658670429
0.329503380986895,-76.9263051797645,-55.2141286037715,-25.8884388271829,-29.093548456511
0.330228896196871,-77.1217892467722,-57.8794152873787,-26.0837579338156,-31.9305859205649
0.330956008878528,-77.3294257191985,-60.3828788624923,-26.2913442500942,-34.6059063118109
0.331684722549251,-77.5462913604275,-62.7279761852832,-26.5082750400989,-37.1229640477849
0.332415040734167,-77.7698118750801,-64.9201888833866,-26.7319765096236,-39.4872382975443
0.333146966966169,-77.9977629617738,-66.9664047587639,-26.9602248589418,-41.7056143845598
0.333880504785925,-78.2282543983081,-68.8744005092605,-27.1911303679958,-43.7858665083038
0.334615657741901,-78.4597036333754,-70.6524280653327,-27.4231109881163,-45.736244081007
0.335352429390377,-78.6908039311039,-72.3088969271542,-27.6548604865708,-47.5651540647983
0.336090823295461,-78.9204907110505,-73.8521398063058,-27.8853147865648,-49.2809266134221
0.33683084302911,-79.1479085208423,-75.2902471629382,-28.1136189398923,-50.8916496094406
0.337572492171145,-79.3723801320999,-76.6309565987336,-28.3390962228675,-52.4050580572195
0.338315774309271,-79.593378556727,-77.8815845474584,-28.5612201526249,-53.828465773521
0.339060693039092,-79.8105023027366,-79.0489896423397,-28.7795897429561,-55.168728754907
0.339807251964127,-80.0234538795389,-80.139559132966,-28.9939080096092,-56.4322315946774
0.340555454695831,-80.2320213772592,-81.1592115580002,-29.2039635496187,-57.6248901556137
0.341305304853612,-80.4360628456447,-82.1134104581822,-29.4096149202255,-58.7521652830145
0.342056806064844,-80.6354931564093,-83.0071852135195,-29.6107775012355,-59.8190836419218
0.342809961964892,-80.8302730271871,-83.8451561246468,-29.807412518988,-60.8302627985079
0.343564776197122,-81.0203999007446,-84.6315616643898,-29.9995179255826,-61.7899384716754
0.344321252412925,-81.2059003997631,-85.3702864402846,-30.187120853679,-62.7019924956088
0.345079394271729,-81.3868241089079,-86.064888869712,-30.3702713985823,-63.5699804949372
0.345839205441022,-81.5632384680879,-86.7186279095437,-30.5490375115215,-64.3971586144128
0.346600689596365,-81.7352245915177,-87.3344884296166,-30.7235008187298,-65.1865088924158
0.347363850421414,-81.90287385521,-87.9152049964409,-30.8937532089576,-65.940763044691
0.348128691607935,-82.0662851203872,-88.4632839580334,-31.0598940569041,-66.6624245492101
0.348895216855822,-82.2255624818948,-88.9810238063972,-31.2220279716529,-67.3537890086769
0.349663429873117,-82.3808134492068,-89.4705338513801,-31.3802629776998,-68.0169628244164
0.350433334376026,-82.5321474832948,-89.9337512763428,-31.5347090518455,-68.6538802520615
0.351204934088937,-82.6796748258232,-90.3724566681029,-31.6854769524155,-69.266318931528
0.351978232744438,-82.8235055681563,-90.7882881253653,-31.8326772882927,-69.8559139954624
0.352753234083337,-82.9637489168383,-91.1827540544629,-31.9764197844237,-70.4241708650061
0.353529941854678,-83.1005126198193,-91.5572447610306,-32.1168127080727,-70.972476841487
0.354308359815761,-83.233902523996,-91.9130429429175,-32.2539624263909,-71.5021115993519
0.355088491732156,-83.3640222398395,-92.2513331843336,-32.3879730710736,-72.0142566803252
0.355870341377728,-83.4909728931728,-92.5732105448399,-32.5189462901687,-72.5100040824148
0.356653912534648,-83.6148529476972,-92.8796883298381,-32.646981070635,-72.9903640304153
0.357439208993417,-83.7357580847843,-93.1717051221516,-32.7721736181666,-73.4562720074941
0.358226234552881,-83.8537811294459,-93.4501311473252,-32.8946172831977,-73.9085951205009
0.359014993020252,-83.9690120133771,-93.7157740386174,-33.01440252398,-74.3481378649639
0.359805488211123,-84.0815377675891,-93.9693840613848,-33.1316168992524,-74.7756473494768
0.360597723949488,-84.1914425384979,-94.2116588507362,-33.2463450843667,-75.1918180333487
0.361391704067764,-84.2988076224323,-94.4432477109651,-33.3586689058348,-75.597296026038
0.362187432406803,-84.4037115144414,-94.6647555203833,-33.4686673901754,-75.9926829919731
0.362984912815915,-84.5062299680291,-94.8767462807214,-33.5764168236899,-76.3785396999465
0.363784149152887,-84.6064360630644,-95.0797463462428,-33.6819908204152,-76.7553892522161
0.364585145283999,-84.7044002796247,-95.2742473640966,-33.7854603960097,-77.1237200248362
0.365387905084043,-84.8001905759511,-95.4607089541698,-33.8868940457544,-77.4839883474939
0.366192432436345,-84.893872469043,-95.6395611537797,-33.9863578251925,-77.836620948173
0.366998731232779,-84.9855091167016,-95.8112066499302,-34.0839154322208,-78.1820171853871
0.367806805373791,-85.0751614000721,-95.9760228195098,-34.1796282896807,-78.5205510883368
0.368616658768412,-85.1628880059261,-96.1343635957175,-34.2735556276897,-78.8525732233047
0.369428295334283,-85.2487455080836,-96.2865611771257,-34.3657545651156,-79.1784124026757
0.37024171899767,-85.332788447511,-96.4329275941258,-34.4562801897265,-79.498377251333
0.371056933693483,-85.4150694107321,-96.5737561459985,-34.545185636656,-79.8127576436814
0.371873943365297,-85.4956391062834,-96.7093227205219,-34.632522164914,-80.1218260231964
0.372692751965371,-85.5745464390141,-96.8398870068391,-34.7183392317432,-80.4258386152298
0.373513363454664,-85.6518385820897,-96.9656936112359,-34.8026845646809,-80.7250365427234
0.374335781802858,-85.7275610466087,-97.0869730845292,-34.8856042312355,-81.0196468535216
0.375160010988377,-85.8017577487772,-97.2039428689156,-34.9671427061225,-81.309883467144
0.375986054998401,-85.8744710746208,-97.3168081713622,-35.047342936038,-81.5959480480888
0.376813917828892,-85.9457419422339,-97.4257627699405,-35.1262464019729,-81.8780308120821
0.377643603484611,-86.0156098615905,-97.5309897588932,-35.203893179089,-82.156311271039
0.378475115979134,-86.0841129919539,-97.6326622376673,-35.2803219941953,-82.4309589219988
0.379308459334878,-86.1512881969334,-97.7309439486637,-35.3555702808743,-82.7021338847647
0.380143637583113,-86.2171710972491,-97.8259898680007,-35.429674232316,-82.9699874925443
0.380980654763987,-86.2817961212684,-97.9179467531969,-35.5026688519262,-83.2346628395121
0.381819514926545,-86.3451965533849,-98.0069536513165,-35.5745880017797,-83.4962952888216
0.382660222128745,-86.4074045803138,-98.0931423708027,-35.6454644489894,-83.7550129442953
0.383502780437482,-86.4684513353784,-98.1766379199249,-35.7153299100703,-84.0109370887285
0.384347193928604,-86.5283669408647,-98.2575589145171,-35.7842150933715,-84.2641825914667
0.385193466686934,-86.5871805485195,-98.3360179574314,-35.852149739655,-84.5148582876946
0.38604160280629,-86.6449203782691,-98.4121219919313,-35.9191626608954,-84.7630673316581
0.386891606389502,-86.701613755232,-98.4859726310494,-35.9852817773762,-85.0089075258373
0.387743481548437,-86.7572871451003,-98.5576664647571,-36.050534153156,-85.252471627923
0.388597232404013,-86.811966187959,-98.6272953466419,-36.1149460299745,-85.4938476372936
0.389452863086221,-86.8656757306152,-98.6949466616404,-36.1785428596705,-85.7331190625358
0.390310377734149,-86.9184398575018,-98.7607035762417,-36.2413493351756,-85.9703651714273
0.391169780495994,-86.9702819202222,-98.8246452724672,-36.3033894201513,-86.2056612246829
0.392031075529092,-87.0212245657983,-98.8868471668145,-36.3646863773302,-86.4390786946574
0.392894266999929,-87.0712897636799,-98.9473811152619,-36.4252627956225,-86.6706854700936
0.393759359084165,-87.1204988315761,-99.0063156053416,-36.4851406160436,-86.9005460479324
0.394626355966657,-87.1688724601613,-99.0637159362014,-36.5443411565205,-87.1287217130978
0.395495261841473,-87.2164307367095,-99.1196443875129,-36.6028851356273,-87.3552707071153
0.396366080911918,-87.2631931677076,-99.1741603780042,-36.6607926953018,-87.5802483863451
0.397238817390552,-87.3091787004951,-99.2273206143415,-36.7180834225906,-87.8037073705475
0.398113475499208,-87.3544057439769,-99.2791792310268,-36.7747763704693,-88.0256976824575
0.398990059469018,-87.3988921884523,-99.3297879219239,-36.8308900777802,-88.2462668789689
0.399868573540428,-87.4426554246021,-99.3791960639833,-36.8864425883318,-88.4654601745063
0.400749021963221,-87.4857123616739,-99.4274508336878,-36.9414514691964,-88.6833205571044
0.40163140899654,-87.5280794449027,-99.4745973167058,-36.9959338282466,-88.8998888976774
0.402515738908902,-87.5697726722037,-99.5206786112001,-37.0499063309654,-89.1152040529347
0.403402015978225,-87.6108076101696,-99.5657359252085,-37.1033852165638,-89.3293029623447
0.404290244491847,-87.6511994094084,-99.6098086684822,-37.1563863134394,-89.542220739553
0.405180428746544,-87.6909628192482,-99.652934539137,-37.2089250540057,-89.753990758585
0.406072573048553,-87.7301122018424,-99.6951496054502,-37.2610164889235,-89.9646447351871
0.406966681713595,-87.7686615457008,-99.7364883831123,-37.3126753007599,-90.1742128035985
0.407862759066891,-87.8066244786736,-99.7769839082142,-37.3639158171035,-90.3827235890496
0.408760809443187,-87.8440142804149,-99.8166678062428,-37.4147520231603,-90.5902042762434
0.409660837186771,-87.8808438943474,-99.8555703573247,-37.4651975738535,-90.7966806740719
0.410562846651501,-87.9171259391532,-99.8937205579541,-37.5152658054525,-91.0021772767955
0.411466842200818,-87.9528727198113,-99.9311461794142,-37.5649697467492,-91.2067173218983
0.41237282820777,-87.9880962382024,-99.9678738230952,-37.6143221298061,-91.4103228448206
0.413280809055036,-88.0228082033015,-100.003928972892,-37.6633354002926,-91.6130147307487
0.414190789134945,-88.057020040975,-100.039336044857,-37.7120217274299,-91.814812763643
0.415102772849496,-88.0907429034029,-100.074118434268,-37.7603930135622,-92.015735672657
0.416016764610381,-88.1239876781398,-100.108298560267,-37.8084609033702,-92.2158011761068
0.416932768839005,-88.1567649968331,-100.141897908201,-37.8562367927438,-92.4150260231213
0.41785078996651,-88.1890852436126,-100.174937069809,-37.9037318373285,-92.6134260331136
0.418770832433793,-88.2209585631658,-100.207435781372,-37.9509569607607,-92.8110161331945
0.41969290069153,-88.2523948685131,-100.239412959938,-37.9979228626059,-93.0078103936354
0.420616999200197,-88.2834038484967,-100.270886737741,-38.0446400260114,-93.2038220615016
0.421543132430091,-88.313994974994,-100.301874494899,-38.0911187250884,-93.3990635925413
0.422471304861352,-88.3441775098683,-100.332392890511,-38.137369032033,-93.5935466814382
0.423401520983983,-88.3739605116696,-100.362457892206,-38.1834008239998,-93.7872822905099
0.424333785297875,-88.4033528420926,-100.392084804268,-38.2292237897369,-93.980280676928
0.425268102312827,-88.4323631722066,-100.421288294377,-38.2748474359937,-94.1725514185522
0.426204476548568,-88.4609999884638,-100.450082419072,-38.3202810937113,-94.3641034384393
0.427142912534778,-88.4892715984961,-100.478480647983,-38.3655339240046,-94.5549450281003
0.428083414811111,-88.5171861367109,-100.506495886901,-38.4106149239448,-94.7450838695685
0.429025987927217,-88.5447515696922,-100.53414049976,-38.4555329321518,-94.9345270563369
0.429970636442762,-88.5719757014164,-100.56142632957,-38.5002966342033,-95.1232811132277
0.430917364927453,-88.5988661782897,-100.588364718366,-38.5449145678694,-95.3113520152386
0.43186617796106,-88.6254304940158,-100.614966526221,-38.5893951281798,-95.4987452054204
0.432817080133434,-88.6516759942992,-100.641242149373,-38.63374657233,-95.6854656118338
0.433770076044534,-88.6776098813923,-100.667201537503,-38.6779770244352,-95.8715176636242
0.434725170304448,-88.7032392184915,-100.692854210216,-38.7220944801353,-96.0569053062673
0.435682367533414,-88.7285709339893,-100.718209272763,-38.7661068110602,-96.2416320160029
0.436641672361842,-88.7536118255885,-100.743275431033,-38.8100217691596,-96.4257008135229
0.437603089430338,-88.7783685642821,-100.768061005864,-38.8538469909031,-96.6091142769209
0.438566623389727,-88.8028476982074,-100.792573946693,-38.8975900013564,-96.7918745539514
0.439532278901073,-88.8270556563763,-100.816821844591,-38.9412582181386,-96.9739833736257
0.440500060635704,-88.8509987522891,-100.840811944697,-38.9848589552654,-97.1554420571721
0.441469973275233,-88.8746831874345,-100.86455115809,-39.028399426883,-97.3362515283864
0.442442021511581,-88.8981150546822,-100.888046073127,-39.0718867508975,-97.5164123233993
0.443416210047,-88.9213003415707,-100.911302966264,-39.1153279525036,-97.6959245998886
0.444392543594096,-88.9442449334954,-100.934327812383,-39.158729967617,-97.8747881457526
0.445371026875852,-88.9669546168004,-100.957126294666,-39.2020996462149,-98.0530023872677
0.446351664625648,-88.9894350817787,-100.979703814004,-39.2454437555872,-98.2305663967494
0.447334461587288,-89.0116919255825,-101.002065498004,-39.2887689835043,-98.4074788997426
0.448319422515021,-89.0337306550496,-101.024216209566,-39.3320819413016,-98.5837382817464
0.449306552173565,-89.0555566894466,-101.046160555089,-39.3753891668882,-98.7593425945006
0.450295855338126,-89.0771753631343,-101.067902892297,-39.4186971276791,-98.9342895618448
0.451287336794427,-89.0985919281573,-101.089447337711,-39.4620122234569,-99.1085765851624
0.452281001338728,-89.1198115567597,-101.110797773785,-39.5053407891642,-99.2822007484316
0.45327685377785,-89.1408393438327,-101.131957855713,-39.5486890976307,-99.4551588228821
0.454274898929196,-89.1616803092931,-101.152931017919,-39.5920633622371,-99.6274472712875
0.455275141620777,-89.1823394003987,-101.173720480265,-39.6354697395185,-99.7990622518887
0.456277586691236,-89.2028214939998,-101.19432925395,-39.6789143317103,-99.9699996219668
0.457282238989869,-89.2231313987326,-101.214760147153,-39.722403189238,-100.140254941074
0.458289103376649,-89.243273857154,-101.235015770404,-39.7659423131552,-100.309823473929
0.459298184722249,-89.2632535478214,-101.255098541697,-39.8095376575297,-100.478700192993
0.460309487908069,-89.2830750873195,-101.275010691373,-39.8531951317815,-100.646879780722
0.461323017826255,-89.3027430322355,-101.294754266753,-39.8969206029746,-100.814356631513
0.462338779379726,-89.3222618810859,-101.31433113656,-39.9407198980638,-100.981124853342
0.463356777482195,-89.3416360761955,-101.333742995115,-39.9845988060994,-101.147178269118
0.464377017058196,-89.360870005531,-101.352991366324,-40.0285630803917,-101.312510417724
0.465399503043105,-89.3799680044912,-101.372077607474,-40.0726184406357,-101.477114554792
0.466424240383165,-89.3989343576552,-101.391002912823,-40.1167705749998,-101.640983653186
0.467451234035509,-89.4177733004902,-101.409768317007,-40.1610251421787,-101.804110403207
0.468480488968188,-89.4364890210206,-101.428374698269,-40.2053877734128,-101.966487212525
0.469512010160187,-89.4550856614596,-101.446822781508,-40.2498640744757,-102.128106205844
0.470545802601459,-89.4735673198062,-101.465113141166,-40.2944596276305,-102.28895922429
0.471581871292941,-89.4919380514064,-101.483246203942,-40.3391799935581,-102.449037824543
0.472620221246581,-89.5102018704825,-101.501222251355,-40.3840307132569,-102.608333277699
0.473660857485365,-89.5283627516306,-101.519041422149,-40.4290173099166,-102.766836567869
0.474703785043337,-89.5464246312878,-101.536703714554,-40.4741452907675,-102.924538390525
0.475749008965625,-89.5643914091703,-101.554208988392,-40.5194201489056,-103.081429150569
0.476796534308466,-89.5822669496837,-101.571556967055,-40.5648473650959,-103.237498960164
0.477846366139231,-89.6000550833069,-101.588747239335,-40.6104324095537,-103.392737636286
0.478898509536448,-89.6177596079501,-101.605779261126,-40.6561807437071,-103.547134698025
0.479952969589826,-89.6353842902889,-101.622652356996,-40.7020978219402,-103.700679363622
0.481009751400282,-89.6529328670746,-101.639365721629,-40.7481890933181,-103.853360547247
0.482068860079964,-89.6704090464226,-101.655918421144,-40.794460003296,-104.005166855506
0.483130300752276,-89.6878165090793,-101.672309394295,-40.8409159954122,-104.156086583695
0.484194078551904,-89.7051589096688,-101.688537453546,-40.8875625129674,-104.306107711771
0.485260198624839,-89.7224398779204,-101.704601286038,-40.9344050006889,-104.455217900066
0.486328666128401,-89.7396630198777,-101.720499454434,-40.9814489063835,-104.603404484721
0.487399486231269,-89.7568319190899,-101.736230397654,-41.028699682578,-104.750654472845
0.4884726641135,-89.773950137787,-101.751792431501,-41.0761627881491,-104.896954537393
0.489548204966557,-89.7910212180391,-101.767183749176,-41.1238436899431,-105.042291011764
0.490626113993336,-89.8080486829008,-101.782402421685,-41.1717478643865,-105.186649884108
0.491706396408185,-89.8250360375415,-101.797446398143,-41.2198807990882,-105.330016791339
0.492789057436938,-89.8419867703625,-101.81231350597,-41.2682479944345,-105.47237701285
0.493874102316932,-89.8589043541021,-101.827001450982,-41.3168549651765,-105.61371546393
0.494961536297036,-89.8757922469283,-101.841507817383,-41.365707242012,-105.754016688861
0.496051364637677,-89.8926538935214,-101.855830067651,-41.4148103731617,-105.893264853708
0.497143592610866,-89.9094927261456,-101.869965542323,-41.464169925941,-106.031443738783
0.498238225500219,-89.9263121657122,-101.883911459678,-41.5137914883271,-106.16853673078
0.499335268600989,-89.9431156228333,-101.897664915325,-41.5636806705232,-106.304526814571
0.500434727220086,-89.9599064988676,-101.911222881675,-41.6138431065192,-106.439396564659
0.501536606676106,-89.9766881869597,-101.924582207334,-41.6642844556507,-106.573128136276
0.502640912299355,-89.9934640730723,-101.937739616372,-41.7150104041558,-106.705703256116
0.503747649431876,-90.0102375370118,-101.95069170751,-41.7660266667307,-106.8371032127
0.504856823427476,-90.0270119534502,-101.963434953192,-41.8173389880845,-106.967308846356
0.505968439651746,-90.0437906929415,-101.975965698562,-41.8689531444933,-107.096300538809
0.507082503482095,-90.060577122934,-101.988280160337,-41.9208749453552,-107.22405820236
0.508199020307772,-90.0773746087803,-102.000374425573,-41.9731102347447,-107.350561268661
0.509317995529889,-90.0941865147439,-102.012244450332,-42.0256648929683,-107.475788677056
0.510439434561455,-90.1110162050043,-102.02388605824,-42.0785448381216,-107.599718862478
0.511563342827394,-90.1278670446605,-102.035294938937,-42.131756027647,-107.722329742907
0.512689725764576,-90.1447424007346,-102.046466646423,-42.1853044598937,-107.843598706344
0.513818588821844,-90.1616456431739,-102.057396597291,-42.2391961756786,-107.963502597314
0.514949937460035,-90.1785801458558,-102.068080068852,-42.2934372598506,-108.082017702875
0.516083777152012,-90.1955492875916,-102.078512197141,-42.3480338428552,-108.1991197381
0.517220113382688,-90.2125564531343,-102.088687974817,-42.4029921023028,-108.314783831047
0.518358951649054,-90.2296050341872,-102.098602248937,-42.4583182645381,-108.428984507169
0.519500297460203,-90.2466984304171,-102.108249718617,-42.5140186062118,-108.541695673166
0.520644156337358,-90.2638400504703,-102.117624932569,-42.5700994558552,-108.652890600256
0.521790533813901,-90.2810333129934,-102.126722286511,-42.626567195455,-108.762541906831
0.522939435435395,-90.2982816476597,-102.135536020458,-42.6834282620314,-108.870621540504
0.524090866759615,-90.3155884962002,-102.144060215873,-42.7406891492161,-108.977100759495
0.525244833356574,-90.3329573134421,-102.152288792692,-42.7983564088324,-109.081950113365
0.526401340808547,-90.3503915683536,-102.160215506209,-42.8564366524752,-109.185139423043
0.527560394710102,-90.3678947450969,-102.167833943823,-42.9149365530909,-109.28663776015
0.528722000668126,-90.3854703440893,-102.175137521642,-42.9738628465573,-109.386413425571
0.529886164301849,-90.4031218830733,-102.182119480936,-43.0332223332613,-109.484433927266
0.531052891242876,-90.4208528981966,-102.188772884442,-43.0930218796753,-109.580665957282
0.532222187135212,-90.4386669451024,-102.195090612511,-43.1532684199298,-109.675075367938
0.533394057635286,-90.4565676000309,-102.201065359096,-43.2139689573824,-109.767627147168
0.534568508411986,-90.4745584609325,-102.206689627573,-43.2751305661809,-109.85828539295
0.53574554514668,-90.4926431485936,-102.211955726391,-43.3367603928205,-109.947013286851
0.536925173533244,-90.5108253077756,-102.216855764551,-43.3988656576921,-110.033773066587
0.538107399278093,-90.5291086083679,-102.221381646895,-43.4614536566219,-110.118525997617
0.539292228100206,-90.5474967465558,-102.225525069216,-43.5245317623984,-110.201232343697
0.540479665731155,-90.5659934460037,-102.229277513172,-43.5881074262866,-110.281851336375
0.541669717915131,-90.5846024590546,-102.232630240994,-43.6521881795267,-110.360341143378
0.542862390408973,-90.6033275679467,-102.235574289997,-43.7167816348147,-110.43665883586
0.544057688982196,-90.6221725860481,-102.238100466872,-43.7818954877617,-110.510760354444
0.545255619417018,-90.6411413591097,-102.240199341754,-43.847537518331,-110.582600474048
0.54645618750839,-90.6602377665381,-102.241861242064,-43.913715592248,-110.652132767408
0.547659399064022,-90.6794657226887,-102.243076246116,-43.98043766238,-110.719309567281
0.548865259904409,-90.6988291781798,-102.243834176467,-44.047711770083,-110.784081927259
0.550073775862866,-90.7183321212292,-102.244124593028,-44.1155460465107,-110.846399581149
0.55128495278555,-90.7379785790138,-102.243936785894,-44.1839487138812,-110.906210900851
0.55249879653149,-90.7577726190528,-102.243259767906,-44.252928086698,-110.963462852699
0.553715312972616,-90.7777183506161,-102.242082266931,-44.3224925729182,-111.018100952178
0.554934507993788,-90.7978199261588,-102.24039271784,-44.3926506750638,-111.070069216976
0.556156387492821,-90.8180815427818,-102.238179254178,-44.4634109912703,-111.119310118293
0.55738095738052,-90.8385074437211,-102.235429699518,-44.5347822162643,-111.165764530345
0.558608223580702,-90.8591019198653,-102.232131558477,-44.6067731422653,-111.209371677994
0.559838192030226,-90.8798693113037,-102.228272007391,-44.679392659802,-111.250069082428
0.561070868679028,-90.9008140089048,-102.223837884625,-44.7526497584369,-111.287792504813
0.562306259490139,-90.9219404559274,-102.21881568051,-44.8265535273881,-111.322475887846
0.563544370439723,-90.9432531496645,-102.213191526892,-44.9011131560411,-111.354051295129
0.564785207517103,-90.9647566431224,-102.20695118627,-44.9763379343376,-111.382448848261
0.566028776724787,-90.9864555467342,-102.200080040516,-45.0522372530321,-111.407596661584
0.567275084078503,-91.0083545301111,-102.192563079146,-45.1288206038038,-111.429420774485
0.568524135607221,-91.0304583238316,-102.184384887139,-45.2060975792093,-111.447845081152
0.569775937353189,-91.052771721269,-102.175529632273,-45.2840778724644,-111.462791257698
0.571030495371957,-91.0752995804613,-102.165981051959,-45.3627712770374,-111.474178686546
0.572287815732409,-91.098046826021,-102.155722439554,-45.4421876860396,-111.481924377981
0.573547904516792,-91.1210184510896,-102.144736630133,-45.5223370913935,-111.485942888757
0.574810767820746,-91.144219519336,-102.133005985685,-45.6032295827611,-111.486146237643
0.57607641175333,-91.1676551670012,-102.120512379722,-45.684875346211,-111.482443817812
0.577344842437058,-91.1913306049902,-102.10723718126,-45.7672846626025,-111.474742305943
0.57861606600792,-91.215251121013,-102.093161238162,-45.8504679056628,-111.462945567932
0.579890088615421,-91.239422081776,-102.078264859791,-45.9344355397323,-111.446954561077
0.581166916422605,-91.2638489352254,-102.062527798965,-46.0191981171489,-111.426667232618
0.582446555606084,-91.2885372128432,-102.045929233166,-46.1047662752433,-111.401978414518
0.583729012356072,-91.3134925319999,-102.028447744969,-46.1911507329135,-111.372779714338
0.585014292876412,-91.3387205983618,-102.010061301671,-46.2783622867414,-111.338959402094
0.586302403384608,-91.3642272083579,-101.990747234064,-46.3664118066191,-111.300402292951
0.587593350111853,-91.3900182517064,-101.970482214313,-46.4553102308408,-111.256989625636
0.58888713930306,-91.4160997140019,-101.949242232919,-46.5450685606208,-111.208598936428
0.590183777216894,-91.4424776793669,-101.927002574685,-46.6356978539899,-111.155103928588
0.591483270125797,-91.4691583331671,-101.903737793682,-46.7272092190224,-111.096374337127
0.592785624316025,-91.4961479647938,-101.879421687124,-46.8196138063391,-111.032275788744
0.594090846087676,-91.5234529705143,-101.854027268129,-46.9129228008315,-110.962669656839
0.595398941754717,-91.5510798563921,-101.827526737298,-47.0071474125446,-110.887412911464
0.596709917645019,-91.5790352412791,-101.799891453063,-47.1022988666542,-110.806357964104
0.598023780100386,-91.6073258598803,-101.771091900724,-47.1983883924673,-110.719352507172
0.599340535476585,-91.6359585658942,-101.741097660136,-47.2954272113723,-110.626239348124
0.600660190143379,-91.664940335229,-101.709877371959,-47.3934265236563,-110.526856238103
0.601982750484554,-91.6942782692979,-101.677398702401,-47.4923974941052,-110.421035695029
0.603308222897953,-91.7239795983928,-101.643628306393,-47.5923512362937,-110.308604821089
0.604636613795507,-91.7540516851405,-101.608531789087,-47.6932987954653,-110.189385114562
0.605967929603264,-91.7845020280406,-101.572073665626,-47.7952511298996,-110.06319227598
0.607302176761421,-91.815338265088,-101.534217319062,-47.8982190906515,-109.929836008616
0.608639361724357,-91.8465681774802,-101.494924956352,-48.0022133995433,-109.789119813336
0.60997949096066,-91.878199693411,-101.454157562323,-48.1072446252819,-109.640840777877
0.611322570953163,-91.910240891952,-101.411874851484,-48.2133231575642,-109.48478936067
0.612668608198972,-91.942700007022,-101.368035217604,-48.3204591790244,-109.320749169346
0.614017609209498,-91.9755854314449,-101.322595680898,-48.4286626348711,-109.148496734133
0.615369580510492,-92.0089057210979,-101.275511832729,-48.5379432000479,-108.967801276402
0.616724528642071,-92.0426695991481,-101.22673777766,-48.6483102437456,-108.778424472698
0.618082460158753,-92.0768859603795,-101.176226072739,-48.7597727910808,-108.580120214636
0.619443381629488,-92.1115638756083,-101.123927663847,-48.8723394817482,-108.372634365185
0.620807299637689,-92.146712596187,-101.069791818956,-48.9860185254407,-108.155704511882
0.622174220781267,-92.1823415585955,-101.013766058127,-49.1008176538228,-107.929059717701
0.623544151672659,-92.2184603891174,-100.955796080064,-49.2167440688306,-107.692420270361
0.624917098938861,-92.2550789086001,-100.895825685033,-49.3338043870635,-107.445497431048
0.626293069221462,-92.2922071372951,-100.833796693934,-49.4520045800194,-107.187993183616
0.627672069176673,-92.3298552997756,-100.769648863326,-49.5713499099187,-106.919599985562
0.629054105475363,-92.3680338299269,-100.703319796157,-49.6918448608507,-106.640000522216
0.630439184803088,-92.4067533760049,-100.634744847964,-49.8134930649707,-106.348867465797
0.631827313860124,-92.4460248057562,-100.563857028273,-49.9362972234664,-106.04586324124
0.633218499361502,-92.4858592115935,-100.490586896936,-50.060259022011,-105.730639800929
0.634612748037037,-92.5262679158167,-100.414862455094,-50.1853790404127,-105.402838410749
0.636010066631361,-92.5672624758719,-100.336609030463,-50.3116566561755,-105.062089450194
0.637410461903959,-92.6088546896352,-100.255749156607,-50.4390899416838,-104.708012229573
0.638813940629198,-92.6510566007097,-100.17220244584,-50.5676755547346,-104.340214827736
0.640220509596361,-92.6938805037205,-100.085885455379,-50.6974086221501,-103.958293954134
0.64163017560968,-92.7373389495912,-99.9967115463523,-50.8282826162206,-103.561834839437
0.643042945488369,-92.7814447507813,-99.9045907352212,-50.9602892237522,-103.150411159398
0.644458826066658,-92.8262109864641,-99.8094295371727,-51.0934182075244,-102.723584997137
0.645877824193822,-92.8716510076194,-99.7111308009879,-51.2276572600024,-102.280906849514
0.647299946734221,-92.9177784420123,-99.6095935348702,-51.3629918492,-101.821915683846
0.648725200567326,-92.9646071990266,-99.5047127226842,-51.4994050566502,-101.346139051724
0.650153592587756,-93.0121514743165,-99.3963791300136,-51.6368774075161,-100.853093267336
0.651585129705313,-93.0604257542351,-99.2844790994147,-51.7753866929659,-100.342283658258
0.65301981884501,-93.1094448199939,-99.1688943341997,-51.9149077850431,-99.8132048972847
0.654457666947112,-93.1592237515014,-99.049501670034,-52.0554124443875,-99.2653414245005
0.655898680967161,-93.2097779308218,-98.9261728335983,-52.1968691213141,-98.6981679693092
0.657342867876017,-93.2611230451883,-98.7987741875035,-52.3392427509231,-98.1111501827339
0.658790234659888,-93.3132750894961,-98.667166460606,-52.4824945431113,-97.5037453907539
0.660240788320363,-93.3662503681929,-98.5312044628057,-52.6265817685785,-96.875403479845
0.66169453587445,-93.4200654964726,-98.3907367833584,-52.7714575421687,-96.2255679261818
0.663151484354606,-93.4747374006679,-98.2456054716679,-52.9170706051697,-95.5536769801007
0.664611640808773,-93.5302833177225,-98.0956456994617,-53.0633651085013,-94.8591650173728
0.666075012300409,-93.586720793614,-97.9406854031792,-53.210280399062,-94.14146406856
0.667541605908528,-93.6440676805752,-97.7805449053394,-53.3577508118733,-93.4000055371881
0.66901142872773,-93.7023421329514,-97.6150365135667,-53.5057054710547,-92.6342221165368
0.670484487868235,-93.7615626015059,-97.4439640958901,-53.6540681030791,-91.8435499136156
0.671960790455919,-93.8217478259654,-97.2671226308322,-53.8027568661943,-91.027430787088
0.673440343632348,-93.8829168255719,-97.0842977307379,-53.9516842003402,-90.1853149036749
0.674923154554815,-93.9450888873792,-96.8952651366899,-54.1007567023335,-89.3166635146853
0.676409230396368,-94.0082835520021,-96.6997901832794,-54.249875031525,-88.4209519507996
0.677898578345852,-94.072520596488,-96.4976272314099,-54.3989338515318,-87.4976728290197
0.67939120560794,-94.137820013945,-96.2885190672155,-54.5478218140023,-86.546339460702
0.680887119403168,-94.204201989515,-96.0721962650974,-54.6964215906527,-85.5664894438232
0.682386326967972,-94.27168687223,-95.8483765127851,-54.8446099599971,-84.5576884160763
0.683888835554719,-94.3402951422367,-95.6167638962585,-54.9922579552559,-83.5195339380577
0.685394652431748,-94.4100473728122,-95.3770481422867,-55.1392310798291,-82.4516594677547
0.686903784883397,-94.4809641865244,-95.1289038162793,-55.2853895964345,-81.353738378904
0.688416240210049,-94.5530662048154,-94.8719894730941,-55.4305888955038,-80.2254879666676
0.689932025728155,-94.6263739901973,-94.6059467584221,-55.5746799476652,-79.0666733747029
0.691451148770281,-94.7009079801596,-94.3303994583568,-55.7175098440943,-77.8771113683737
0.692973616685135,-94.7766884117744,-94.0449524947844,-55.8589224271597,-76.6566738698422
0.694499436837606,-94.8537352358716,-93.7491908643011,-55.9987590121098,-75.4052911625397
0.696028616608802,-94.9320680195227,-93.4426785184729,-56.1368591985416,-74.1229546654673
0.697561163396079,-95.011705835424,-93.1249571834347,-56.2730617680617,-72.8097191723904
0.699097084613084,-95.0926671366086,-92.7955451170797,-56.4072056619283,-71.4657044478516
0.700636387689786,-95.1749696147356,-92.4539358024398,-56.5391310295847,-70.0910960714488
0.702179080072515,-95.2586300400062,-92.0995965763174,-56.6686803359339,-68.6861454246309
0.703725169223994,-95.3436640805353,-91.7319671928356,-56.7956995120286,-67.2511687206305
0.705274662623382,-95.4300860987694,-91.3504583223459,-56.9200391306807,-65.7865449885778
0.706827567766302,-95.5179089222734,-90.9544499871098,-57.0415555854343,-64.2927129373852
0.708383892164884,-95.6071435859248,-90.5432899363894,-57.1601122485342,-62.7701666437508
0.709943643347796,-95.6977990422396,-90.1162919651009,-57.2755805810937,-61.219450031458
0.711506828860285,-95.789881836221,-89.6727341820517,-57.3878411667525,-59.6411501355858
0.71307345626421,-95.8833957407587,-89.2118572360597,-57.4967846388496,-58.0358891747786
0.714643533138082,-95.9783413482313,-88.7328625110325,-57.602312470615,-56.4043154864916
0.716217067077096,-96.0747156135633,-88.234910304432,-57.704337598187,-54.747093413216
0.717794065693173,-96.1725113435804,-87.7171180075977,-57.802784847437,-53.0648922608983
0.719374536614993,-96.2717166270932,-87.1785583112165,-57.8975911376209,-51.3583744831061
0.720958487488033,-96.3723141997352,-86.6182574649974,-57.9887054377419,-49.6281832746445
0.722545925974605,-96.4742807371987,-86.0351936274106,-58.0760884551144,-47.8749297854158
0.724136859753891,-96.5775860701779,-85.428295349397,-58.1597120398472,-46.0991801883699
0.725731296521982,-96.6821923140676,-84.7964402453688,-58.2395582936539,-44.301442853908
0.727329243991916,-96.7880529063113,-84.1384539157855,-58.3156183764044,-42.4821558966887
0.728930709893711,-96.8951115443008,-83.4531091982888,-58.3878910089588,-40.6416753695478
0.730535701974407,-97.0033010169495,-82.7391258389376,-58.4563806759464,-38.7802643834909
0.732144227998103,-97.1125419235726,-81.995170691662,-58.5210955371183,-36.8980834331686
0.733756295745991,-97.2227412745975,-81.2198585727133,-58.5820450606502,-34.9951822046953
0.735371913016397,-97.3337909700076,-80.4117539176355,-58.6392373962632,-33.0714931383417
0.736991087624817,-97.4455661534199,-79.5693734110089,-58.6926765103119,-31.126827013391
0.738613827403958,-97.5579234424675,-78.6911897836379,-58.7423591091628,-29.1608708174906
0.74024014020377,-97.6706990398697,-77.7756369974571,-58.7882713814309,-27.1731881587743
0.74187003389149,-97.7837067344252,-76.8211170644051,-58.8303855941942,-25.1632224762355
0.743503516351675,-97.8967358073588,-75.8260087706435,-58.8686565834494,-23.1303033022327
0.745140595486245,-98.0095488672021,-74.7886786000508,-58.9030181851304,-21.0736558295458
0.746781279214518,-98.1218796458911,-73.7074941685897,-58.9333796603031,-18.9924140325054
0.748425575473248,-98.2334308001773,-72.5808404908454,-58.9596221769748,-16.8856375846441
0.750073492216666,-98.3438717758621,-71.4071393979166,-58.9815954215388,-14.752332800437
0.751725037416516,-98.4528368077486,-70.1848724071528,-58.9991144253131,-12.5914778011165
0.753380219062095,-98.5599231453518,-68.9126073034084,-59.0119567058347,-10.4020520587142
0.755039045160291,-98.6646896128631,-67.5890286222578,-59.0198598381932,-8.18307040153354
0.756701523735622,-98.7666556308529,-66.212972121329,-59.0225195880164,-5.93362146137042
0.758367662830274,-98.8653008455181,-64.7834631801422,-59.0195887536396,-3.6529104008938
0.760037470504143,-98.9600655272951,-63.2997588761456,-59.0106768788799,-1.34030557282142
0.761710954834868,-99.0503519121626,-61.7613932418101,-58.9953510075276,1.00461147288649
0.763388123917878,-99.1355266632991,-60.168224915216,-58.9731376535107,3.38199350151513
0.765068985866422,-99.2149246248482,-58.5204860604345,-58.9435261535871,5.79167382049218
0.766753548811618,-99.2878540201375,-56.818831067425,-58.9059735491168,8.23311277265304
0.768441820902484,-99.3536032107324,-55.064383166106,-58.8599111068782,10.7053464135643
0.770133810305982,-99.4114490778141,-53.2587767373325,-58.8047525336087,13.206939633569
0.771829525207057,-99.4606670125385,-51.4041928155758,-58.739903863945,15.7359462646535
0.773528973808674,-99.5005424082715,-49.5033851018954,-58.6647749076693,18.2898788806276
0.775232164331863,-99.5303834386212,-47.5596937915718,-58.5787920333373,20.8656910062016
0.776939105015752,-99.5495347877859,-45.577044714317,-58.4814119482139,23.459774250705
0.778649804117613,-99.5573918838069,-43.5599317191479,-58.3721360188559,26.0679724425017
0.780364269912897,-99.5534150832143,-41.5133809211695,-58.2505245749811,28.6856141502304
0.782082510695277,-99.5371431808776,-39.4428963438337,-58.1162105650296,31.3075640567037
0.783804534776688,-99.5082055845185,-37.3543875828352,-57.9689118979325,33.9282925554118
0.785530350487367,-99.466332509297,-35.2540812980592,-57.8084418220325,36.5419617566622
0.787259966175891,-99.411362619022,-33.1484194934159,-57.6347167637039,39.1425249348757
0.78899339020922,-99.343247664994,-31.0439485451224,-57.4477611731324,41.7238354462813
0.790730630972739,-99.2620538421552,-28.9472036688589,-57.2477090938175,44.2797604152571
0.792471696870292,-99.1679597794854,-26.864593884489,-57.034802370023,46.8042941185228
0.794216596324231,-99.0612512874527,-24.8022924966136,-56.8093856126616,49.2916660364471
0.795965337775451,-98.9423131784978,-22.766137665312,-56.5718982376045,51.7364389844192
0.797717929683432,-98.8116186376234,-20.7615468505821,-56.3228640518255,54.1335935281942
0.799474380526281,-98.6697167347361,-18.7934478737463,-56.0628789776423,56.4785959275598
0.801234698800773,-98.5172187306918,-16.8662281706808,-55.7925975658829,58.7674480214738
0.802998893022392,-98.3547838345931,-14.9837026402056,-55.5127189546186,60.9967186398148
0.804766971725369,-98.1831050267677,-13.1490994267374,-55.2239728871952,63.163557191642
0.806538943462729,-98.0028954807806,-11.3650621018226,-54.9271063223791,65.2656909549789
0.808314816806328,-97.814876011987,-9.63366607235389,-54.6228710637478,67.301408230553
0.810094600346897,-97.6197638630122,-7.95644665760597,-54.3120127184552,69.2695299082325
0.81187830269408,-97.4182630200982,-6.33443612724705,-53.9952611791697,71.1693721455432
0.813665932476482,-97.2110561478134,-4.7682070420816,-53.6733227166285,73.0007028086571
0.815457498341704,-96.9987981393467,-3.2579194412051,-53.3468736800533,74.7636941249594
0.817253008956388,-96.7821112086492,-1.80336972319617,-53.0165557317807,76.4588736929338
0.819052473006258,-96.5615813996156,-0.404039428368606,-52.6829724914368,78.0870756362928
0.820855899196166,-96.3377563549697,0.940857495338605,-52.346687432501,79.6493933142425
0.822663296250125,-96.1111441709919,2.23232999813558,-52.0082228576111,81.1471346381803
0.824474672911364,-95.8822131605658,3.47156853276226,-51.6680597753219,82.5817807172133
0.826290037942356,-95.6513923529853,4.6599074013227,-51.3266385070146,83.9549482722524
0.828109400124873,-95.4190725715423,5.79879105550037,-50.9843598652452,85.2683560259143
0.829932768260021,-95.185607946532,6.88974437783054,-50.6415867614426,86.5237950925805
0.831760151168284,-94.9513177398799,7.93434683450073,-50.2986461194402,87.7231032561364
0.833591557689569,-94.7164883765587,8.93421029319882,-49.9558309902889,88.8681429262282
0.835426996683245,-94.4813755962125,9.89096023636921,-49.6134027820442,89.9607825010647
0.837266477028191,-94.2462066552371,10.8062200641675,-49.2715935350526,91.0028808289292
0.839110007622833,-94.0111825245738,11.6815981663801,-48.9306081882569,91.9962744458262
0.84095759738519,-93.7764800414979,12.5186774430861,-48.5906267950659,92.9427672673959
0.842809255252921,-93.542253984713,13.3190069653806,-48.2518066583471,93.8441224249597
0.844664990183358,-93.3086390512117,14.084095486297,-47.9142843632468,94.7020559545807
0.846524811153563,-93.0757517207901,14.8154065352967,-47.5781776939574,95.5182320713899
0.848388727160356,-92.8436920000265,15.5143548550928,-47.2435874264638,96.2942597869818
0.850256747220375,-92.612545042143,16.1823039655632,-46.9105989939004,97.0316906538048
0.852128880370103,-92.3823826426879,16.820564664931,-46.5792840246593,97.7320174459851
0.854005135665928,-92.1532646135799,17.4303943025168,-46.2497017559805,98.3966736102951
0.855885522184171,-91.9252400399235,18.0129966797085,-45.9219003276191,99.0270333433627
0.857770049021144,-91.6983484252788,18.5695224561655,-45.5959179614404,99.6244121717002
0.859658725293184,-91.4726207318769,19.1010699564902,-45.2717840336006,100.190067929423
0.861551560136703,-91.2480803227209,19.6086862888006,-44.9495200464041,100.725202044758
0.863448562708226,-91.0247438126857,20.0933687008144,-44.629140507097,101.230961060723
0.865349742184445,-90.8026218357014,20.5560661113891,-44.3106537208156,101.708438327701
0.867255107762253,-90.5817197349281,20.997680766131,-43.9940625047277,102.158675816379
0.869164668658796,-90.3620381825491,21.4190699748035,-43.6793648301137,102.582666008639
0.871078434111512,-90.1435737354694,21.8210478960605,-43.3665543987844,102.981353831866
0.872996413378182,-89.9263193328105,22.2043873416194,-43.0556211598363,103.355638608707
0.874918615736966,-89.7102647406929,22.5698215775582,-42.7465517723331,103.706375999942
0.876845050486459,-89.4953969493797,22.9180461050737,-42.4393300190781,104.034379922804
0.878775726945726,-89.281700527449,23.2497204069446,-42.1339371762355,104.340424430973
0.880710654454353,-89.0691579372678,23.5654696491606,-41.8303523431513,104.625245545763
0.88264984237249,-88.8577498156641,23.8658863298643,-41.5285527363492,104.889543030666
0.884593300080894,-88.6474552233381,24.1515318699301,-41.2285139513121,105.133982103632
0.886541036980982,-88.4382518662254,24.4229381413071,-40.9302101953283,105.35919508328
0.888493062494867,-88.2301162917119,24.6806089306987,-40.6336144943663,105.565782966668
0.890449386065411,-88.0230240623256,24.9250213373186,-40.3386988766582,105.754316937456
0.892410017156265,-87.816949909262,25.1566271044014,-40.0454345354055,105.925339804197
0.89437496525192,-87.6118678678708,25.3758538848654,-39.7537919727845,106.079367369275
0.896344239857749,-87.4077513970103,25.5831064421176,-39.4637411272042,106.216889729522
0.898317850500055,-87.2045734839851,25.7787677874052,-39.175251485578,106.338372510046
0.900295806726115,-87.0023067366023,25.9632002554551,-38.8882921821835,106.444258033099
0.90227811810423,-86.8009234637242,26.1367465203764,-38.6028320855296,106.534966424036
0.904264794223767,-86.6003957455503,26.2997305539582,-38.3188398744972,106.610896656614
0.906255844695208,-86.4006954947343,26.4524585285963,-38.0362841048934,106.672427539942
0.908251279150197,-86.2017945093213,26.5952196671398,-37.7551332674362,106.719918649483
0.910251107241581,-86.0036645183924,26.7282870419551,-37.4753558380855,106.753711204484
0.912255338643467,-85.8062772212025,26.8519183254975,-37.1969203215344,106.774128894224
0.914263983051259,-85.6096043205224,26.9663564946333,-36.9197952885953,106.781478655431
0.916277050181711,-85.4136175508123,27.0718304909025,-36.6439494081347,106.776051403103
0.918294549772968,-85.2182887017939,27.168555838843,-36.3693514741435,106.758122716994
0.920316491584622,-85.0235896379244,27.2567352244025,-36.0959704284679,106.727953485849
0.92234288539775,-84.8294923142228,27.3365590353956,-35.8237753796718,106.685790511434
0.924373741014968,-84.6359687888522,27.4082058658503,-35.5527356184497,106.631867074283
0.926409068260474,-84.4429912328174,27.4718429860047,-35.2828206299705,106.566403463028
0.928448876980099,-84.2505319371011,27.5276267796082,-35.0140001034869,106.48960746901
0.930493177041351,-84.0585633175252,27.5757031500893,-34.746243939516,106.40167484784
0.932541978333468,-83.8670579175962,27.6162078970522,-34.479522254861,106.302789749427
0.934595290767458,-83.6759884095649,27.6492670644578,-34.2138053857191,106.193125117908
0.936653124276156,-83.4853275939078,27.6749972617736,-33.9490638890943,106.07284306284
0.938715488814264,-83.2950483974149,27.6935059592545,-33.6852685427127,105.942095202875
0.940782394358405,-83.1051238700512,27.7048917584511,-33.4223903436162,105.801022983088
0.942853850907168,-82.9155271807422,27.7092446389388,-33.1604005055981,105.649757967014
0.944929868481158,-82.7262316122169,27.7066461821807,-32.8992704556211,105.488422104362
0.947010457123043,-82.5372105550327,27.6971697733572,-32.6389718293535,105.317127975317
0.949095626897604,-82.3484375008914,27.6808807819059,-32.3794764659387,105.135979012219
0.951185387891782,-82.1598860353474,27.6578367214479,-32.1207564021106,104.94506969934
0.953279750214729,-81.9715298300007,27.6280873896912,-31.8627838657528,104.744485751452
0.955378723997856,-81.7833426342599,27.5916749888348,-31.6055312689948,104.534304271695
0.957482319394881,-81.5952982667528,27.5486342269159,-31.3489712009297,104.314593889305
0.959590546581879,-81.4073706064589,27.4989924004835,-31.0930764200357,104.085414877597
0.961703415757332,-81.2195335836327,27.4427694589035,-30.8378198463747,103.846819252561
0.963820937142175,-81.0317611705844,27.379978050531,-30.5831745536419,103.598850852379
0.965943120979852,-80.844027372381,27.3106235509264,-30.3291137611351,103.341545398053
0.968069977536358,-80.6563062175301,27.2347040732216,-30.075610825712,103.074930535325
0.970201517100294,-80.4685717487085,27.1522104606648,-29.8226392338024,102.799025857943
0.972337749982912,-80.2807980135967,27.0631262613319,-29.5701725935422,102.513842912311
0.974478686518173,-80.0929590558819,26.9674276848955,-29.3181846270975,102.219385183466
0.976624337062787,-79.9050289064957,26.8650835413036,-29.0666491632485,101.915648062256
0.97877471199627,-79.7169815751507,26.7560551611341,-28.8155401303049,101.602618793539
0.980929821720991,-79.5287910422509,26.64029629733,-28.5648315494292,101.280276405162
0.983089676662226,-79.3404312512481,26.51775300796,-28.3144975284489,100.948591617364
0.985254287268201,-79.1518761015281,26.3883635195568,-28.0645122562423,100.607526732241
0.987423664010153,-78.9630994419116,26.2520580705433,-27.8148499977909,100.257035502793
0.989597817382371,-78.7740750648693,26.1087587341592,-27.5654850900001,99.897062981009
0.991776757902253,-78.5847767015522,25.95837922024,-27.3163919383953,99.5275453443891
0.993960496110352,-78.3951780177543,25.8008246551176,-27.0675450148154,99.1484097001993
0.996149042570433,-78.2052526109345,25.6359913388367,-26.8189188562341,98.7595738667106
0.998342407869519,-78.0149740084372,25.4637664788004,-26.5704880648556,98.3609461305369
1.00054060261794,-77.8243156670693,25.2840278988683,-26.322227309644,97.9524249791831
1.0027436374494,-77.6332509742045,25.0966437228602,-26.0741113294663,97.5338988077573
1.00495152302101,-77.4417532506098,24.9014720313166,-25.8261149380452,97.1052455987399
1.00716427001334,-77.2497957552075,24.6983604902875,-25.5782130309434,96.6663325736524
1.00938188913048,-77.0573516920123,24.487145950829,-25.3303805948216,96.2170158153058
1.0116043911001,-76.8643942195112,24.2676540177929,-25.0825927192458,95.7571398592781
1.01383178667347,-76.6708964627831,24.039698586411,-24.8348246113443,95.2865372531564
1.01606408662556,-76.4768315286925,23.8030813450689,-24.5870516136571,94.8050280819926
1.01830130175503,-76.2821725245279,23.5575912425973,-24.3392492255512,94.312419458317
1.02054344288436,-76.0868925805008,23.3030039182941,-24.0913931286271,93.8085049750138
1.02279052085981,-75.89096487657,23.0390810928302,-23.8434592165853,93.2930641192037
1.02504254655157,-75.6943626741093,22.7655699181025,-23.5954236300793,92.7658616452958
1.02729953085373,-75.4970593529986,22.4822022840344,-23.3472627971402,92.2266469052284
1.02956148468438,-75.2990284547867,22.1886940802625,-23.0989534798306,91.6751531338989
1.03182841898565,-75.1002437326477,21.8847444106202,-22.8504728278558,91.1110966877579
1.03410034472377,-74.9006792089422,21.5700347582906,-22.6017984399517,90.534176234474
1.03637727288909,-74.7003092412828,21.2442280995298,-22.3529084339575,89.9440718916653
1.0386592144962,-74.4991085981145,20.9069679638847,-22.1037815265913,89.3404443126494
1.04094618058389,-74.2970525449324,20.557877438919,-21.8543971240622,88.7229337173211
1.04323818221531,-74.0941169423926,20.1965581175981,-21.6047354247812,88.0911588663553
1.04553523047794,-73.8902783577137,19.8225889866745,-21.3547775355809,87.4447159771803
1.04783733648367,-73.6855141909269,19.4355252546998,-21.1045056030099,86.783177580395
1.05014451136886,-73.4798028177086,19.0348971186577,-20.8539029614487,86.1060913157287
1.05245676629441,-73.2731237507234,18.6202084687063,-20.6029542999844,85.4129786671185
1.05477411244577,-73.0654578216179,18.1909355311476,-20.3516458501975,84.7033336371098
1.05709656103302,-72.8567873860424,17.7465254505441,-20.0999655972503,83.9766213616103
1.05942412329094,-72.6470965543289,17.2863948129132,-19.8479035169173,83.2322766670247
1.06175681047904,-72.4363714507355,16.8099281131782,-19.5954518414816,82.4697025730774
1.06409463388162,-72.2246005044613,16.3164761716057,-19.3426053577174,81.6882687461614
1.06643760480781,-72.0117747759645,15.8053545058435,-19.0893617405024,80.8873099099737
1.06878573459168,-71.7978883224513,15.2758416674919,-18.8357219259474,80.0661242225002
1.07113903459221,-71.5829386067687,14.7271775549167,-18.5816905282897,79.2239716312104
1.07349751619342,-71.3669269543058,14.1585617173855,-18.3272763051734,78.3600722217157
1.0758611908044,-71.149859062892,13.5691516696301,-18.0724926763225,77.4736045791556
1.07823006985934,-70.9317455710625,12.9580612407442,-17.8173583009961,76.5637041864112
1.08060416481762,-70.7126026904301,12.3243589870251,-17.5618977199841,75.6294618889667
1.08298348716385,-70.492452908245,11.6670667051017,-17.3061420682469,74.6699224629592
1.08536804840791,-70.2713257665124,10.9851580895843,-17.0501298645879,73.6840833309016
1.08775786008506,-70.0492587242519,10.2775575887201,-16.7939078849687,72.6708934788103
1.09015293375593,-69.8262981095761,9.54313952223174,-16.5375321261651,71.6292526391741
1.0925532810066,-69.6025001682063,8.78072753786319,-16.281068866408,70.558010816601
1.09495891344869,-69.3779322147542,7.9890944972758,-16.0245958293631,69.45596824709
1.09736984271936,-69.1526738925294,7.16696289790434,-15.7682034572364,68.321875897879
1.09978608048141,-68.9268185466775,6.31300595530763,-15.5119962978378,67.1544366327752
1.1022076384233,-68.700474714022,5.42584949035313,-15.2560945090053,65.9523071877115
1.10463452825925,-68.473767730938,4.50407478714442,-15.0006354817479,64.714101122867
1.10706676172926,-68.2468414577979,3.5462226106356,-14.7457755806786,63.438392940757
1.10950435059917,-68.0198601148172,2.5507985967929,-14.4916919965987,62.1237235836746
1.11194730666076,-67.7930102193336,1.51628025220725,-14.2385847012983,60.7686075479306
1.11439564173173,-67.5665026084621,0.441125822943604,-13.9866784885532,59.3715418752799
1.11684936765584,-67.3405745235163,-0.676214687519632,-13.7362250777417,57.9310173020244
1.11930849630289,-67.1154917233756,-1.8372860564233,-13.4875052472981,56.4455318613573
1.12177303956886,-66.8915505829939,-3.04361163417093,-13.2408309542367,54.9136072414535
1.12424300937588,-66.6690801204151,-4.29667409411422,-12.9965473831496,53.3338081971291
1.12671841767235,-66.4484438810486,-5.59789286371665,-12.7550348534688,51.7047652919173
1.12919927643299,-66.2300415917847,-6.9485980035804,-12.516710497614,50.0252012050909
1.13168559765887,-66.0143104802708,-8.35000037046075,-12.2820296053837,48.2939607685519
1.13417739337749,-65.8017261370805,-9.80315800335711,-12.051486512362,46.5100447956958
1.13667467564282,-65.5928027817604,-11.3089388137206,-11.825614893365,44.6726476224745
1.1391774565354,-65.3880927794036,-12.8679798465826,-11.6049873076107,42.7811980952494
1.14168574816234,-65.1881852445426,-14.480643611309,-11.3902138324427,40.8354035082481
1.14419956265743,-64.9937035662632,-16.1469722578122,-11.1819396195424,38.8352957164702
1.14671891218116,-64.805301695361,-17.8666406900379,-10.980841214481,36.7812783340075
1.1492438089208,-64.623659054036,-19.638910050554,-10.7876215001328,34.6741735859692
1.15177426509046,-64.4494739637991,-21.4625833569635,-10.6030031596466,32.5152670354341
1.15431029293115,-64.2834555399967,-23.3359653930054,-10.4277206073934,30.3063480849535
1.1568519047108,-64.1263140724144,-25.2568292166079,-10.262510407359,28.0497438929372
1.1593991127244,-63.9787499996767,-27.2223917999906,-10.1081002866956,25.7483441926595
1.16195192929398,-63.8414416870315,-29.2293013174631,-9.96519695400384,23.4056145013717
1.1645103667687,-63.7150323261977,-31.2736384037596,-9.83447304099377,21.0255954000877
1.16707443752492,-63.6001163831014,-33.3509332906247,-9.71655359330143,18.6128859800785
1.16964415396626,-63.4972261131851,-35.4562000838005,-9.61200263007382,16.1726101980372
1.17221952852364,-63.4068187321541,-37.5839885858901,-9.52131036009224,13.7103657389438
1.17480057365534,-63.3292648608437,-39.7284530538552,-9.4448816729868,11.232156002819
1.17738730184709,-63.2648388473353,-41.8834361844479,-9.38302650850799,8.74430692752571
1.1799797256121,-63.2137115031819,-44.0425655512877,-9.33595264050416,6.25337142983426
1.18257785749115,-63.1759456753366,-46.1993587880159,-9.30376129693869,3.76602517691072
1.1851817100526,-63.151494919408,-48.347333130824,-9.28644588124315,1.28895808210393
1.18779129589252,-63.140205357323,-50.480114583468,-9.2838938776915,-1.17123373015625
1.19040662763469,-63.1418206115143,-52.5915419927107,-9.29589183242254,-3.60815076962137
1.1930277179307,-63.155989527773,-54.6757617185667,-9.32213312166199,-6.01568351048888
1.19565457945998,-63.1822762476787,-56.7273093021175,-9.36222806734115,-8.38809259895686
1.19828722492989,-63.2201720824699,-58.741175486647,-9.41571585111703,-10.7200732823528
1.20092566707577,-63.2691085807804,-60.7128550258188,-9.48207761818552,-13.0068024809643
1.20356991866101,-63.3284711736873,-62.6383778013374,-9.56075015309976,-15.243968011213
1.20621999247707,-63.3976128169313,-64.5143227699364,-9.65113954598007,-17.427780464928
1.20887590134362,-63.475867122498,-66.3378160879677,-9.75263433954402,-19.5549690764976
1.21153765810852,-63.5625605680787,-68.1065153745798,-9.86461774338541,-21.6227635208666
1.21420527564793,-63.657023480943,-69.8185824559631,-9.98647860954549,-23.628863965282
1.21687876686637,-63.7585996013215,-71.4726470948694,-10.1176209715239,-25.5714018576853
1.21955814469678,-63.8666541307091,-73.0677641823725,-10.2574720486385,-27.4488939056833
1.22224342210054,-63.9805802565417,-74.6033666948485,-10.4054887030377,-29.2601915242273
1.22493461206761,-64.0998042132249,-76.0792164439253,-10.5611624044355,-31.004427753069
1.22763172761653,-64.2237889896714,-77.4953543139341,-10.7240228069128,-32.6809633101061
1.23033478179451,-64.352036826286,-78.8520513268627,-10.8936400738583,-34.2893330905267
1.23304378767749,-64.4840906618989,-80.1497615274121,-11.0696261034367,-35.8291940728031
1.23575875837019,-64.6195346962514,-81.3890773600914,-11.2516348106109,-37.3002752708984
1.23847970700621,-64.7579942292172,-82.5706879281288,-11.4393616156104,-38.7023300893247
1.24120664674804,-64.8991349267632,-83.6953402853609,-11.6325422755432,-40.0350911993426
1.24393959078716,-65.0426616481053,-84.7638037174136,-11.8309511779491,-41.2982278611681
1.24667855234411,-65.1883169505325,-85.776836813948,-12.0343991943659,-42.4913054654473
1.24942354466852,-65.3358793694019,-86.7351570142034,-12.2427311698203,-43.6137469527857
1.25217458103921,-65.4851615518396,-87.6394122168739,-12.4558231014961,-44.6647956869102
1.25493167476422,-65.6360083043021,-88.4901539757463,-12.6735790372041,-45.6434792991216
1.25769483918092,-65.7882945966042,-89.2878117477125,-12.8959277018689,-46.5485739836857
1.260464087656,-65.9419235482512,-90.0326676135586,-13.1228188379757,-47.3785687009193
1.26323943358564,-66.0968244066334,-90.7248308485056,-13.3542192234646,-48.1316287330931
1.26602089039547,-66.2529505103286,-91.3642116737494,-13.5901083074351,-48.8055580353795
1.2688084715407,-66.4102772136702,-91.9504934674857,-13.8304733795619,-49.3977598280098
1.27160219050617,-66.5687997298975,-92.4831026499832,-14.0753041625277,-49.9051948863217
1.27440206080641,-66.7285308283177,-92.9611753783784,-14.3245866870725,-50.3243370029561
1.27720809598568,-66.8894982943197,-93.3835200898031,-14.578296275315,-50.6511251232331
1.28002030961811,-67.0517420276052,-93.748574813661,-14.8363894184161,-50.8809116940039
1.28283871530768,-67.2153106107682,-94.0543580340972,-15.0987942877734,-51.0084068233037
1.28566332668834,-67.380257123538,-94.2984117227694,-15.3653995626299,-51.0276179303689
1.28849415742406,-67.5466339024906,-94.4777349846714,-15.6360411885539,-50.9317846836803
1.29133122120889,-67.71448584499,-94.58870657727,-15.9104865971148,-50.7133091938167
1.29417453176704,-67.8838417204002,-94.6269943982691,-16.1884158124277,-50.3636816704848
1.29702410285292,-68.054702769093,-94.5874499315858,-16.469398738428,-49.8734021031559
1.29987994825125,-68.2270276246019,-94.4639856677647,-16.7528677526361,-49.2318990356391
1.30274208177709,-68.4007122661745,-94.2494337985273,-17.0380845152126,-48.4274472633434
1.30561051727591,-68.57556327304,-93.9353852325968,-17.324099619503,-47.4470874310853
1.30848526862369,-68.7512620794242,-93.512009529462,-17.609703340726,-46.2765522885039
1.31136634972693,-68.9273171925034,-92.9678592411247,-17.8933652588711,-44.9002071697932
1.31425377452278,-69.1030004161538,-92.2896672391534,-18.1731599198135,-43.301016765241
1.31714755697906,-69.2772620356505,-91.4621541834361,-18.446674955298,-41.4605575103018
1.32004771109435,-69.4486187523449,-90.4678772672588,-18.7108972662764,-39.3591065870118
1.32295425089806,-69.6150071602107,-89.2871733905193,-18.9620721774773,-36.9758570243123
1.32586719045047,-69.7735952745878,-87.8982832589667,-19.1955303578766,-34.2893368669204
1.32878654384283,-69.9205461256342,-86.2777908454254,-19.4054787313436,-31.2781522221159
1.33171232519744,-70.0507325990292,-84.4015763703543,-19.5847563356895,-27.9222308455832
1.33464454866765,-70.1574144972484,-82.2465548862789,-19.7245669702238,-24.2048101580134
1.337583228438,-70.2319110648922,-79.7935355037217,-19.8142213074775,-20.1154714703113
1.34052837872428,-70.2633383020692,-77.0315385819715,-19.8409553211893,-15.6545228692494
1.34348001377353,-70.2385290112035,-73.9637610735498,-19.7899383409609,-10.8388897346844
1.34643814786421,-70.1423011877718,-70.6149686154198,-19.6446296626856,-5.70927036570561
1.3494027953062,-69.9582530090152,-67.0393498243553,-19.387653848138,-0.337587471702022
1.35237397044087,-69.6701883727439,-63.326934884941,-19.0022901980052,5.1671462931223
1.3553516876412,-69.2640790283848,-59.6060714890581,-18.4744750304546,10.657018107182
1.35833596131179,-68.7301921525854,-56.039953021374,-17.7949406607496,15.9494100201871
1.36132680588898,-68.0648222423159,-52.8172350668627,-16.9609284562099,20.8370986051251
1.36432423584087,-67.2711702099512,-50.1396003979644,-15.9770211241881,25.1013356337214
1.36732826566745,-66.3593593230265,-48.2108463438699,-14.8550894457693,28.5232838387807
1.3703389099006,-65.3461506048744,-47.2310440437644,-13.6139238216917,30.8902249986543
1.37335618310422,-64.2552895014714,-47.395528330354,-12.279490937748,31.9967700398005
1.37638009987428,-63.1193595116289,-48.8930579889425,-10.8866991391276,31.646739967504
1.37941067483887,-61.9833681793111,-51.8914664482575,-9.48290419720189,29.6674212978696
1.38244792265831,-60.9086316713418,-56.4945713795702,-8.13172587014022,25.9524599409688
1.38549185802518,-59.9724307334501,-62.6598299862829,-6.91265009689632,20.5439415939159
1.38854249566442,-59.2561693511108,-70.1004139515374,-5.90914838362298,13.7300170234603
1.39159985033339,-58.8193328247824,-78.2557775660624,-5.18261000355235,6.07402551961877
1.39466393682196,-58.6728209143894,-86.4189951380652,-4.74566077667892,-1.71313960052817
1.39773476995253,-58.7751046800305,-93.9732175146024,-4.55831482006648,-9.00976004047959
1.40081236458016,-59.055333904693,-100.56006712079,-4.55108390852042,-15.4519281475299
1.40389673559263,-59.4422035766038,-106.084432325711,-4.65385088336732,-20.938547094146
1.40698789791047,-59.880254766494,-110.620045068609,-4.81218072188845,-25.5370799499931
1.41008586648709,-60.3326957338341,-114.312110571779,-4.99015373032439,-29.3863189234115
1.41319065630881,-60.7777197390449,-117.316696409842,-5.16669630332533,-32.6358856158115
1.41630228239494,-61.2036656060468,-119.773451777335,-5.33075455525979,-35.4190371441402
1.41942075979789,-61.6051269602426,-121.797612834692,-5.47741625164057,-37.8447380074414
1.42254610360318,-61.9803249409527,-123.480663084616,-5.60529553122318,-39.9983703519398
1.42567832892956,-62.3294766025396,-124.893956702589,-5.71491246433466,-41.9453938243599
1.42881745092908,-62.6538272671578,-126.092792630745,-5.80773564064086,-43.7354456003293
1.43196348478714,-62.9550937451907,-127.120021832904,-5.88563469908866,-45.405965281309
1.43511644572257,-63.2351524894517,-128.00896240636,-5.95057690437971,-46.9851212090837
1.43827634898772,-63.4958708051088,-128.785659068965,-6.00446595365856,-48.4940761838842
1.44144320986852,-63.7390204747075,-129.470600799306,-6.04906244522556,-49.9487075070375
1.44461704368456,-63.9662382355708,-130.080016289271,-6.08595052118843,-51.3609018861641
1.44779786578916,-64.1790124079307,-130.62684949613,-6.11653005391536,-52.7395281587616
1.45098569156945,-64.3786836817136,-131.121495873564,-6.14202244958547,-54.0911689197515
1.45418053644642,-64.5664531547945,-131.572360379447,-6.16348321950685,-55.4206725336956
1.45738241587505,-64.7433936822812,-131.986282741525,-6.18181742881384,-56.7315713047079
1.46059134534431,-64.9104623272453,-132.368863566774,-6.19779585560865,-58.0263996156597
1.46380734037729,-65.0685127117924,-132.724716043195,-6.21207069548186,-59.3069369646216
1.46703041653129,-65.2183066523601,-133.057661495814,-6.22519022572545,-60.5743943069667
1.47026058939781,-65.36052479922,-133.370882318935,-6.23761217504439,-61.829557349566
1.47349787460272,-65.4957761897425,-133.667042344828,-6.24971573053726,-63.072896966285
1.47674228780628,-65.6246067284467,-133.948382174931,-6.26181221442758,-64.304654359049
1.47999384470324,-65.7475066599525,-134.216795137361,-6.27415451409696,-65.5249067182921
1.48325256102289,-65.8649171248981,-134.473888159398,-6.28694537148133,-66.7336177546725
1.48651845252918,-65.9772358963091,-134.721030822499,-6.30034464431794,-67.9306764466223
1.48979153502075,-66.0848223922818,-134.959395104846,-6.3144756494288,-69.1159265795064
1.49307182433103,-66.1880020545765,-135.189987743554,-6.3294306914949,-70.2891890728216
1.49635933632831,-66.2870701743931,-135.413676715568,-6.3452758720944,-71.4502786519946
1.49965408691583,-66.3822952376562,-135.631213007105,-6.36205526453972,-72.5990160850464
1.50295609203183,-66.4739218533949,-135.843248589596,-6.37979453100273,-73.7352369452285
1.50626536764967,-66.5621733206627,-136.050351326411,-6.398504049943,-74.8587976597112
1.50958192977786,-66.6472538820828,-136.253017384725,-6.41818161410743,-75.9695794473048
1.51290579446015,-66.7293507055834,-136.451681610379,-6.43881475239554,-77.067490624673
1.51623697777565,-66.8086356301731,-136.646726232389,-6.46038272265626,-78.1524676628162
1.51957549583883,-66.8852667066479,-136.83848819213,-6.48285821694885,-79.2244752978215
1.52292136479968,-66.9593895598369,-137.02726533566,-6.5062088158955,-80.2835059378722
1.52627460084372,-67.0311385953109,-137.213321662713,-6.53039822441027,-81.3295785586678
1.52963522019214,-67.1006380703133,-137.396891790125,-6.55538731724419,-82.3627372393894
1.53300323910181,-67.1680030459673,-137.578184758769,-6.5811350193823,-83.3830494590517
1.53637867386542,-67.233340235486,-137.757387290013,-6.60759904331338,-84.3906042470472
1.53976154081154,-67.2967487611281,-137.934666579147,-6.63473650252271,-85.3855102606703
1.54315185630466,-67.3583208309354,-138.110172698066,-6.66250441819108,-86.3678938454516
1.54654963674533,-67.4181423448275,-138.284040667271,-6.69086013398855,-87.3378971204653
1.5499548985702,-67.4762934383751,-138.456392247181,-6.71976165199394,-88.2956761198535
1.55336765825213,-67.5328489714952,-138.627337490545,-6.74916790113036,-89.2413990129688
1.55678793230022,-67.5878789683827,-138.796976090971,-6.77903894805286,-90.1752444186521
1.56021573725994,-67.6414490141954,-138.965398557005,-6.80933615914343,-91.0973998235261
1.56365108971318,-67.6936206133187,-139.132687236563,-6.84002232113557,-92.0080601099843
1.56709400627836,-67.7444515134379,-139.298917212713,-6.87106172689421,-92.9074261960825
1.57054450361048,-67.7939959991345,-139.464157088549,-6.90242023199987,-93.7957037870437
1.57400259840119,-67.8423051582698,-139.628469676296,-6.93406528701475,-94.6731022361226
1.57746830737893,-67.8894271240332,-139.791912603477,-6.96596594963394,-95.5398335111586
1.58094164730896,-67.9354072951949,-139.954538847158,-6.99809288033275,-96.3961112621407
1.58442263499343,-67.9802885368045,-140.116397205642,-7.030418324605,-97.2421499844513
1.58791128727152,-68.024111363323,-140.277532715715,-7.06291608443616,-98.0781642719556
1.59140762101947,-68.066914105949,-140.437987022332,-7.09556148126309,-98.9043681540354
1.59491165315069,-68.1087330657022,-140.597798706756,-7.12833131233121,-99.7209745104161
1.59842340061581,-68.1496026536564,-140.75700357828,-7.16120380206446,-100.528194557885
1.6019428804028,-68.1895555195595,-140.915634934002,-7.1941585498078,-101.326237402988
1.60547010953703,-68.2286226699472,-141.073723790519,-7.22717647508084,-102.115309655136
1.60900510508136,-68.2668335767366,-141.231299090891,-7.26023976129145,-102.895615094704
1.61254788413622,-68.3042162771843,-141.388387889797,-7.29333179869441,-103.667354391087
1.61609846383969,-68.3407974659991,-141.545015519428,-7.32643712724025,-104.430724865921
1.61965686136758,-68.3766025803211,-141.701205738338,-7.35954137983906,-105.185920297015
1.62322309393353,-68.4116558782031,-141.856980865188,-7.39263122646269,-105.933130758871
1.62679717878906,-68.4459805111696,-142.012361899104,-7.42569431942092,-106.672542495946
1.63037913322371,-68.4795985913698,-142.167368628105,-7.45871924007436,-107.404337825148
1.63396897456506,-68.5125312537895,-142.322019726954,-7.49169544718399,-108.128695064311
1.63756672017886,-68.5447987139454,-142.476332845555,-7.52461322704567,-108.845788483726
1.64117238746908,-68.576420321439,-142.630324688924,-7.55746364551345,-109.555788277979
1.64478599387802,-68.6074146097169,-142.784011089634,-7.5902385019797,-110.258860555687
1.64840755688639,-68.6377993423484,-142.937407073518,-7.62293028534947,-110.955167344886
1.65203709401338,-68.6675915561042,-143.090526919343,-7.65553213202204,-111.644866612062
1.65567462281676,-68.6968076010916,-143.243384213067,-7.68803778587199,-112.328112293003
1.65932016089296,-68.7254631781832,-143.395991897233,-7.72044156020624,-113.005054333846
1.66297372587716,-68.753573373948,-143.548362316001,-7.75273830166016,-113.675838740845
1.66663533544335,-68.7811526932821,-143.700507256233,-7.78492335598574,-114.340607637542
1.67030500730446,-68.8082150899134,-143.852437985044,-7.81699253567715,-114.999499328161
1.67398275921241,-68.8347739949438,-144.004165284146,-7.84894208937265,-115.652648366172
1.6776686089582,-68.8608423435745,-144.155699481303,-7.88076867296833,-116.300185627109
1.68136257437201,-68.886432600151,-144.307050479177,-7.9124693223756,-116.942238384773
1.68506467332328,-68.9115567816506,-144.458227781804,-7.94404142785318,-117.578930390128
1.68877492372079,-68.936226479726,-144.609240518929,-7.97548270984337,-118.2103819522
1.69249334351277,-68.9604528814086,-144.760097468388,-8.00679119624254,-118.83671002043
1.69621995068695,-68.9842467885674,-144.910807076737,-8.03796520103613,-119.458028267971
1.69995476327067,-69.0076186362113,-145.061377478265,-8.06900330423017,-120.074447175491
1.70369779933097,-69.0305785097146,-145.211816512546,-8.09990433301219,-120.686074115081
1.70744907697467,-69.0531361610416,-145.362131740666,-8.1306673440768,-121.293013433971
1.71120861434844,-69.0753010240369,-145.512330460227,-8.16129160705282,-121.895366537712
1.71497642963894,-69.0970822288459,-145.662419719251,-8.19177658897153,-122.493231972636
1.71875254107284,-69.1184886155237,-145.812406329067,-8.22212193971761,-123.086705507328
1.72253696691697,-69.1395287468852,-145.962296876272,-8.25232747840687,-123.675880212979
1.72632972547835,-69.1602109206473,-146.112097733845,-8.28239318063728,-124.260846542404
1.73013083510435,-69.1805431809086,-146.261815071487,-8.31231916656258,-124.841692407692
1.73394031418271,-69.2005333290095,-146.411454865241,-8.34210568973958,-125.418503256282
1.73775818114166,-69.2201889338122,-146.561022906463,-8.37175312670319,-125.991362145469
1.74158445445,-69.2395173414367,-146.710524810196,-8.40126196722549,-126.560349815204
1.74541915261721,-69.2585256844878,-146.85996602298,-8.43063280521724,-127.125544759204
1.74926229419353,-69.2772208908035,-147.009351830161,-8.45986633023254,-127.687023294268
1.75311389777002,-69.295609691755,-147.158687362731,-8.48896331953966,-128.244859627838
1.7569739819787,-69.313698630125,-147.307977603728,-8.51792463072288,-128.799125923734
1.76084256549259,-69.3314940675901,-147.457227394249,-8.54675119478239,-129.349892366104
1.76471966702585,-69.3490021918304,-147.606441439076,-8.57544400970095,-129.897227221563
1.76860530533383,-69.3662290232888,-147.755624311983,-8.60400413444798,-130.44119689953
1.77249949921318,-69.3831804216003,-147.904780460705,-8.63243268339354,-130.98186601081
1.77640226750194,-69.3998620917105,-148.053914211628,-8.66073082110611,-131.519297424396
1.78031362907963,-69.4162795897007,-148.203029774207,-8.68889975750968,-132.053552322548
1.78423360286732,-69.4324383283369,-148.352131245121,-8.71694074337719,-132.584690254165
1.78816220782777,-69.4483435823584,-148.501222612209,-8.74485506613889,-133.112769186477
1.79209946296548,-69.46400049352,-148.650307758175,-8.77264404598508,-133.637845555105
1.7960453873268,-69.4794140754011,-148.799390464103,-8.80030903224444,-134.159974312507
1.8,-69.494589217996,-148.94847441277,-8.82785140001998,-134.679208974853
